Date,Visitor Team,VisitorPts,Home Team,HomePts,OT?,Score Type,Notes
2013-10-29,Orlando Magic,87,Indiana Pacers,97,,Box Score,
2013-10-29,Chicago Bulls,95,Miami Heat,107,,Box Score,
2013-10-29,Los Angeles Clippers,103,Los Angeles Lakers,116,,Box Score,
2013-10-30,Brooklyn Nets,94,Cleveland Cavaliers,98,,Box Score,
2013-10-30,Boston Celtics,87,Toronto Raptors,93,,Box Score,
2013-10-30,Miami Heat,110,Philadelphia 76ers,114,,Box Score,
2013-10-30,Washington Wizards,102,Detroit Pistons,113,,Box Score,
2013-10-30,Milwaukee Bucks,83,New York Knicks,90,,Box Score,
2013-10-30,Indiana Pacers,95,New Orleans Pelicans,90,,Box Score,
2013-10-30,Orlando Magic,115,Minnesota Timberwolves,120,OT,Box Score,
2013-10-30,Charlotte Bobcats,83,Houston Rockets,96,,Box Score,
2013-10-30,Memphis Grizzlies,94,San Antonio Spurs,101,,Box Score,
2013-10-30,Atlanta Hawks,109,Dallas Mavericks,118,,Box Score,
2013-10-30,Oklahoma City Thunder,101,Utah Jazz,98,,Box Score,
2013-10-30,Portland Trail Blazers,91,Phoenix Suns,104,,Box Score,
2013-10-30,Denver Nuggets,88,Sacramento Kings,90,,Box Score,
2013-10-30,Los Angeles Lakers,94,Golden State Warriors,125,,Box Score,
2013-10-31,New York Knicks,81,Chicago Bulls,82,,Box Score,
2013-10-31,Golden State Warriors,115,Los Angeles Clippers,126,,Box Score,
2013-11-01,Cleveland Cavaliers,84,Charlotte Bobcats,90,,Box Score,
2013-11-01,New Orleans Pelicans,90,Orlando Magic,110,,Box Score,
2013-11-01,Philadelphia 76ers,109,Washington Wizards,102,,Box Score,
2013-11-01,Toronto Raptors,95,Atlanta Hawks,102,,Box Score,
2013-11-01,Milwaukee Bucks,105,Boston Celtics,98,,Box Score,
2013-11-01,Miami Heat,100,Brooklyn Nets,101,,Box Score,
2013-11-01,Dallas Mavericks,105,Houston Rockets,113,,Box Score,
2013-11-01,Detroit Pistons,108,Memphis Grizzlies,111,OT,Box Score,
2013-11-01,Oklahoma City Thunder,81,Minnesota Timberwolves,100,,Box Score,
2013-11-01,Portland Trail Blazers,113,Denver Nuggets,98,,Box Score,
2013-11-01,Utah Jazz,84,Phoenix Suns,87,,Box Score,
2013-11-01,Los Angeles Clippers,110,Sacramento Kings,101,,Box Score,
2013-11-01,San Antonio Spurs,91,Los Angeles Lakers,85,,Box Score,
2013-11-02,Cleveland Cavaliers,74,Indiana Pacers,89,,Box Score,
2013-11-02,Chicago Bulls,104,Philadelphia 76ers,107,,Box Score,
2013-11-02,Charlotte Bobcats,84,New Orleans Pelicans,105,,Box Score,
2013-11-02,Memphis Grizzlies,99,Dallas Mavericks,111,,Box Score,
2013-11-02,Toronto Raptors,97,Milwaukee Bucks,90,,Box Score,
2013-11-02,Houston Rockets,104,Utah Jazz,93,,Box Score,
2013-11-02,San Antonio Spurs,105,Portland Trail Blazers,115,,Box Score,
2013-11-02,Sacramento Kings,87,Golden State Warriors,98,,Box Score,
2013-11-03,Boston Celtics,77,Detroit Pistons,87,,Box Score,
2013-11-03,Washington Wizards,93,Miami Heat,103,,Box Score,
2013-11-03,Brooklyn Nets,86,Orlando Magic,107,,Box Score,
2013-11-03,Phoenix Suns,96,Oklahoma City Thunder,103,,Box Score,
2013-11-03,Minnesota Timberwolves,109,New York Knicks,100,,Box Score,
2013-11-03,Atlanta Hawks,103,Los Angeles Lakers,105,,Box Score,
2013-11-04,Minnesota Timberwolves,92,Cleveland Cavaliers,93,,Box Score,
2013-11-04,Golden State Warriors,110,Philadelphia 76ers,90,,Box Score,
2013-11-04,Boston Celtics,88,Memphis Grizzlies,95,,Box Score,
2013-11-04,Houston Rockets,118,Los Angeles Clippers,137,,Box Score,
2013-11-05,Miami Heat,104,Toronto Raptors,95,,Box Score,
2013-11-05,Utah Jazz,88,Brooklyn Nets,104,,Box Score,
2013-11-05,Indiana Pacers,99,Detroit Pistons,91,,Box Score,
2013-11-05,Charlotte Bobcats,102,New York Knicks,97,,Box Score,
2013-11-05,Phoenix Suns,104,New Orleans Pelicans,98,,Box Score,
2013-11-05,Los Angeles Lakers,104,Dallas Mavericks,123,,Box Score,
2013-11-05,San Antonio Spurs,102,Denver Nuggets,94,,Box Score,
2013-11-05,Houston Rockets,116,Portland Trail Blazers,101,,Box Score,
2013-11-05,Atlanta Hawks,105,Sacramento Kings,100,,Box Score,
2013-11-06,Toronto Raptors,90,Charlotte Bobcats,92,,Box Score,
2013-11-06,Chicago Bulls,80,Indiana Pacers,97,,Box Score,
2013-11-06,Los Angeles Clippers,90,Orlando Magic,98,,Box Score,
2013-11-06,Washington Wizards,116,Philadelphia 76ers,102,,Box Score,
2013-11-06,Utah Jazz,87,Boston Celtics,97,,Box Score,
2013-11-06,New Orleans Pelicans,99,Memphis Grizzlies,84,,Box Score,
2013-11-06,Cleveland Cavaliers,104,Milwaukee Bucks,109,,Box Score,
2013-11-06,Golden State Warriors,106,Minnesota Timberwolves,93,,Box Score,
2013-11-06,Phoenix Suns,96,San Antonio Spurs,99,,Box Score,
2013-11-06,Dallas Mavericks,93,Oklahoma City Thunder,107,,Box Score,
2013-11-07,Los Angeles Clippers,97,Miami Heat,102,,Box Score,
2013-11-07,Atlanta Hawks,107,Denver Nuggets,109,,Box Score,
2013-11-07,Los Angeles Lakers,99,Houston Rockets,98,,Box Score,
2013-11-08,New York Knicks,101,Charlotte Bobcats,91,,Box Score,
2013-11-08,Toronto Raptors,84,Indiana Pacers,91,,Box Score,
2013-11-08,Boston Celtics,91,Orlando Magic,89,,Box Score,
2013-11-08,Cleveland Cavaliers,79,Philadelphia 76ers,94,,Box Score,
2013-11-08,Brooklyn Nets,108,Washington Wizards,112,OT,Box Score,
2013-11-08,Oklahoma City Thunder,119,Detroit Pistons,110,,Box Score,
2013-11-08,Utah Jazz,73,Chicago Bulls,97,,Box Score,
2013-11-08,Dallas Mavericks,108,Minnesota Timberwolves,116,,Box Score,
2013-11-08,Los Angeles Lakers,85,New Orleans Pelicans,96,,Box Score,
2013-11-08,Golden State Warriors,74,San Antonio Spurs,76,,Box Score,
2013-11-08,Denver Nuggets,103,Phoenix Suns,114,,Box Score,
2013-11-08,Sacramento Kings,91,Portland Trail Blazers,104,,Box Score,
2013-11-09,Utah Jazz,91,Toronto Raptors,115,,Box Score,
2013-11-09,Orlando Magic,94,Atlanta Hawks,104,,Box Score,
2013-11-09,Indiana Pacers,96,Brooklyn Nets,91,,Box Score,
2013-11-09,Philadelphia 76ers,125,Cleveland Cavaliers,127,2OT,Box Score,
2013-11-09,Boston Celtics,111,Miami Heat,110,,Box Score,
2013-11-09,Los Angeles Clippers,107,Houston Rockets,94,,Box Score,
2013-11-09,Golden State Warriors,90,Memphis Grizzlies,108,,Box Score,
2013-11-09,Dallas Mavericks,91,Milwaukee Bucks,83,,Box Score,
2013-11-09,Portland Trail Blazers,96,Sacramento Kings,85,,Box Score,
2013-11-10,San Antonio Spurs,120,New York Knicks,89,,Box Score,
2013-11-10,Washington Wizards,105,Oklahoma City Thunder,106,OT,Box Score,
2013-11-10,New Orleans Pelicans,94,Phoenix Suns,101,,Box Score,
2013-11-10,Minnesota Timberwolves,113,Los Angeles Lakers,90,,Box Score,
2013-11-11,Atlanta Hawks,103,Charlotte Bobcats,94,,Box Score,
2013-11-11,Memphis Grizzlies,79,Indiana Pacers,95,,Box Score,
2013-11-11,San Antonio Spurs,109,Philadelphia 76ers,85,,Box Score,
2013-11-11,Orlando Magic,105,Boston Celtics,120,,Box Score,
2013-11-11,Cleveland Cavaliers,81,Chicago Bulls,96,,Box Score,
2013-11-11,Toronto Raptors,104,Houston Rockets,110,2OT,Box Score,
2013-11-11,Denver Nuggets,100,Utah Jazz,81,,Box Score,
2013-11-11,Detroit Pistons,103,Portland Trail Blazers,109,,Box Score,
2013-11-11,Minnesota Timberwolves,107,Los Angeles Clippers,109,,Box Score,
2013-11-12,Milwaukee Bucks,95,Miami Heat,118,,Box Score,
2013-11-12,Washington Wizards,95,Dallas Mavericks,105,,Box Score,
2013-11-12,Detroit Pistons,95,Golden State Warriors,113,,Box Score,
2013-11-12,New Orleans Pelicans,95,Los Angeles Lakers,116,,Box Score,
2013-11-13,Milwaukee Bucks,91,Orlando Magic,94,,Box Score,
2013-11-13,Houston Rockets,117,Philadelphia 76ers,123,OT,Box Score,
2013-11-13,Charlotte Bobcats,89,Boston Celtics,83,,Box Score,
2013-11-13,New York Knicks,95,Atlanta Hawks,91,,Box Score,
2013-11-13,Toronto Raptors,103,Memphis Grizzlies,87,,Box Score,
2013-11-13,Cleveland Cavaliers,95,Minnesota Timberwolves,124,,Box Score,
2013-11-13,Washington Wizards,79,San Antonio Spurs,92,,Box Score,
2013-11-13,Los Angeles Lakers,99,Denver Nuggets,111,,Box Score,
2013-11-13,New Orleans Pelicans,105,Utah Jazz,111,,Box Score,
2013-11-13,Phoenix Suns,89,Portland Trail Blazers,90,,Box Score,
2013-11-13,Brooklyn Nets,86,Sacramento Kings,107,,Box Score,
2013-11-13,Oklahoma City Thunder,103,Los Angeles Clippers,111,,Box Score,
2013-11-14,Houston Rockets,109,New York Knicks,106,,Box Score,
2013-11-14,Oklahoma City Thunder,115,Golden State Warriors,116,,Box Score,
2013-11-15,Milwaukee Bucks,77,Indiana Pacers,104,,Box Score,
2013-11-15,Chicago Bulls,96,Toronto Raptors,80,,Box Score,
2013-11-15,Philadelphia 76ers,103,Atlanta Hawks,113,,Box Score,
2013-11-15,Portland Trail Blazers,109,Boston Celtics,96,,Box Score,
2013-11-15,Charlotte Bobcats,86,Cleveland Cavaliers,80,,Box Score,
2013-11-15,Dallas Mavericks,104,Miami Heat,110,,Box Score,
2013-11-15,Minnesota Timberwolves,113,Denver Nuggets,117,,Box Score,
2013-11-15,Brooklyn Nets,100,Phoenix Suns,98,OT,Box Score,
2013-11-15,San Antonio Spurs,91,Utah Jazz,82,,Box Score,
2013-11-15,Memphis Grizzlies,89,Los Angeles Lakers,86,,Box Score,
2013-11-15,Detroit Pistons,97,Sacramento Kings,90,,Box Score,
2013-11-16,Miami Heat,97,Charlotte Bobcats,81,,Box Score,
2013-11-16,Dallas Mavericks,108,Orlando Magic,100,,Box Score,
2013-11-16,Cleveland Cavaliers,103,Washington Wizards,96,OT,Box Score,
2013-11-16,Atlanta Hawks,110,New York Knicks,90,,Box Score,
2013-11-16,Indiana Pacers,94,Chicago Bulls,110,,Box Score,
2013-11-16,Denver Nuggets,111,Houston Rockets,122,,Box Score,
2013-11-16,Boston Celtics,88,Minnesota Timberwolves,106,,Box Score,
2013-11-16,Philadelphia 76ers,98,New Orleans Pelicans,135,,Box Score,
2013-11-16,Oklahoma City Thunder,92,Milwaukee Bucks,79,,Box Score,
2013-11-16,Utah Jazz,88,Golden State Warriors,102,,Box Score,
2013-11-16,Brooklyn Nets,103,Los Angeles Clippers,110,,Box Score,
2013-11-17,Portland Trail Blazers,118,Toronto Raptors,110,OT,Box Score,
2013-11-17,Memphis Grizzlies,97,Sacramento Kings,86,,Box Score,
2013-11-17,Detroit Pistons,99,Los Angeles Lakers,114,,Box Score,
2013-11-18,Portland Trail Blazers,108,Brooklyn Nets,98,,Box Score,
2013-11-18,Charlotte Bobcats,81,Chicago Bulls,86,,Box Score,
2013-11-18,Denver Nuggets,113,Oklahoma City Thunder,115,,Box Score,
2013-11-18,Philadelphia 76ers,94,Dallas Mavericks,97,,Box Score,
2013-11-18,Golden State Warriors,98,Utah Jazz,87,,Box Score,
2013-11-18,Memphis Grizzlies,106,Los Angeles Clippers,102,,Box Score,
2013-11-19,Minnesota Timberwolves,100,Washington Wizards,104,,Box Score,
2013-11-19,New York Knicks,86,Detroit Pistons,92,,Box Score,
2013-11-19,Atlanta Hawks,88,Miami Heat,104,,Box Score,
2013-11-19,Boston Celtics,85,Houston Rockets,109,,Box Score,
2013-11-19,Phoenix Suns,104,Sacramento Kings,107,,Box Score,
2013-11-20,Brooklyn Nets,91,Charlotte Bobcats,95,,Box Score,
2013-11-20,Washington Wizards,98,Cleveland Cavaliers,91,,Box Score,
2013-11-20,Indiana Pacers,103,New York Knicks,96,OT,Box Score,
2013-11-20,Miami Heat,120,Orlando Magic,92,,Box Score,
2013-11-20,Toronto Raptors,108,Philadelphia 76ers,98,,Box Score,
2013-11-20,Detroit Pistons,85,Atlanta Hawks,93,,Box Score,
2013-11-20,Portland Trail Blazers,91,Milwaukee Bucks,82,,Box Score,
2013-11-20,Los Angeles Clippers,102,Minnesota Timberwolves,98,,Box Score,
2013-11-20,Utah Jazz,98,New Orleans Pelicans,105,,Box Score,
2013-11-20,Boston Celtics,93,San Antonio Spurs,104,,Box Score,
2013-11-20,Sacramento Kings,113,Phoenix Suns,106,,Box Score,
2013-11-20,Houston Rockets,120,Dallas Mavericks,123,,Box Score,
2013-11-20,Memphis Grizzlies,88,Golden State Warriors,81,OT,Box Score,
2013-11-21,Los Angeles Clippers,91,Oklahoma City Thunder,105,,Box Score,
2013-11-21,Chicago Bulls,87,Denver Nuggets,97,,Box Score,
2013-11-22,Phoenix Suns,98,Charlotte Bobcats,91,,Box Score,
2013-11-22,Milwaukee Bucks,107,Philadelphia 76ers,115,OT,Box Score,
2013-11-22,Washington Wizards,88,Toronto Raptors,96,,Box Score,
2013-11-22,Indiana Pacers,97,Boston Celtics,82,,Box Score,
2013-11-22,Atlanta Hawks,96,Detroit Pistons,89,,Box Score,
2013-11-22,San Antonio Spurs,102,Memphis Grizzlies,86,,Box Score,
2013-11-22,Brooklyn Nets,81,Minnesota Timberwolves,111,,Box Score,
2013-11-22,Cleveland Cavaliers,100,New Orleans Pelicans,104,,Box Score,
2013-11-22,Utah Jazz,93,Dallas Mavericks,103,,Box Score,
2013-11-22,Chicago Bulls,95,Portland Trail Blazers,98,,Box Score,
2013-11-22,Golden State Warriors,95,Los Angeles Lakers,102,,Box Score,
2013-11-23,Sacramento Kings,102,Los Angeles Clippers,103,,Box Score,
2013-11-23,Philadelphia 76ers,98,Indiana Pacers,106,,Box Score,
2013-11-23,New York Knicks,89,Washington Wizards,98,,Box Score,
2013-11-23,Boston Celtics,94,Atlanta Hawks,87,,Box Score,
2013-11-23,Orlando Magic,99,Miami Heat,101,,Box Score,
2013-11-23,Minnesota Timberwolves,101,Houston Rockets,112,,Box Score,
2013-11-23,Charlotte Bobcats,96,Milwaukee Bucks,72,,Box Score,
2013-11-23,Cleveland Cavaliers,96,San Antonio Spurs,126,,Box Score,
2013-11-23,Dallas Mavericks,100,Denver Nuggets,102,,Box Score,
2013-11-23,Portland Trail Blazers,113,Golden State Warriors,101,,Box Score,
2013-11-24,Detroit Pistons,109,Brooklyn Nets,97,,Box Score,
2013-11-24,Chicago Bulls,82,Los Angeles Clippers,121,,Box Score,
2013-11-24,Phoenix Suns,104,Orlando Magic,96,,Box Score,
2013-11-24,Utah Jazz,73,Oklahoma City Thunder,95,,Box Score,
2013-11-24,Sacramento Kings,86,Los Angeles Lakers,100,,Box Score,
2013-11-25,Boston Celtics,96,Charlotte Bobcats,86,,Box Score,
2013-11-25,Minnesota Timberwolves,84,Indiana Pacers,98,,Box Score,
2013-11-25,Milwaukee Bucks,94,Detroit Pistons,113,,Box Score,
2013-11-25,Phoenix Suns,92,Miami Heat,107,,Box Score,
2013-11-25,Houston Rockets,93,Memphis Grizzlies,86,,Box Score,
2013-11-25,Denver Nuggets,110,Dallas Mavericks,96,,Box Score,
2013-11-25,New Orleans Pelicans,93,San Antonio Spurs,112,,Box Score,
2013-11-25,Chicago Bulls,83,Utah Jazz,89,OT,Box Score,
2013-11-25,New York Knicks,91,Portland Trail Blazers,102,,Box Score,
2013-11-26,Brooklyn Nets,102,Toronto Raptors,100,,Box Score,
2013-11-26,Los Angeles Lakers,111,Washington Wizards,116,,Box Score,
2013-11-26,Orlando Magic,109,Atlanta Hawks,92,,Box Score,
2013-11-26,Golden State Warriors,102,New Orleans Pelicans,101,,Box Score,
2013-11-27,Indiana Pacers,99,Charlotte Bobcats,74,,Box Score,
2013-11-27,Philadelphia 76ers,94,Orlando Magic,105,,Box Score,
2013-11-27,Memphis Grizzlies,100,Boston Celtics,93,,Box Score,
2013-11-27,Los Angeles Lakers,99,Brooklyn Nets,94,,Box Score,
2013-11-27,Miami Heat,95,Cleveland Cavaliers,84,,Box Score,
2013-11-27,Chicago Bulls,99,Detroit Pistons,79,,Box Score,
2013-11-27,Atlanta Hawks,84,Houston Rockets,113,,Box Score,
2013-11-27,Washington Wizards,100,Milwaukee Bucks,92,OT,Box Score,
2013-11-27,Denver Nuggets,117,Minnesota Timberwolves,110,,Box Score,
2013-11-27,San Antonio Spurs,88,Oklahoma City Thunder,94,,Box Score,
2013-11-27,Golden State Warriors,99,Dallas Mavericks,103,,Box Score,
2013-11-27,Portland Trail Blazers,106,Phoenix Suns,120,,Box Score,
2013-11-27,New York Knicks,80,Los Angeles Clippers,93,,Box Score,
2013-11-29,Milwaukee Bucks,76,Charlotte Bobcats,92,,Box Score,
2013-11-29,San Antonio Spurs,109,Orlando Magic,91,,Box Score,
2013-11-29,Miami Heat,90,Toronto Raptors,83,,Box Score,
2013-11-29,Dallas Mavericks,87,Atlanta Hawks,88,,Box Score,
2013-11-29,Cleveland Cavaliers,86,Boston Celtics,103,,Box Score,
2013-11-29,Los Angeles Lakers,106,Detroit Pistons,102,,Box Score,
2013-11-29,Brooklyn Nets,95,Houston Rockets,114,,Box Score,
2013-11-29,Washington Wizards,73,Indiana Pacers,93,,Box Score,
2013-11-29,Golden State Warriors,112,Oklahoma City Thunder,113,OT,Box Score,
2013-11-29,New Orleans Pelicans,121,Philadelphia 76ers,105,,Box Score,
2013-11-29,New York Knicks,95,Denver Nuggets,97,,Box Score,
2013-11-29,Phoenix Suns,112,Utah Jazz,101,,Box Score,
2013-11-29,Los Angeles Clippers,104,Sacramento Kings,98,OT,Box Score,
2013-11-30,Atlanta Hawks,101,Washington Wizards,108,,Box Score,
2013-11-30,Chicago Bulls,93,Cleveland Cavaliers,97,,Box Score,
2013-11-30,Brooklyn Nets,97,Memphis Grizzlies,88,,Box Score,
2013-11-30,Minnesota Timberwolves,112,Dallas Mavericks,106,,Box Score,
2013-11-30,Houston Rockets,112,San Antonio Spurs,106,,Box Score,
2013-11-30,Boston Celtics,85,Milwaukee Bucks,92,,Box Score,
2013-11-30,Utah Jazz,112,Phoenix Suns,104,,Box Score,
2013-12-01,Denver Nuggets,112,Toronto Raptors,98,,Box Score,
2013-12-01,Philadelphia 76ers,100,Detroit Pistons,115,,Box Score,
2013-12-01,Indiana Pacers,105,Los Angeles Clippers,100,,Box Score,
2013-12-01,Charlotte Bobcats,98,Miami Heat,99,,Box Score,
2013-12-01,Golden State Warriors,115,Sacramento Kings,113,,Box Score,
2013-12-01,Minnesota Timberwolves,103,Oklahoma City Thunder,113,,Box Score,
2013-12-01,New Orleans Pelicans,103,New York Knicks,99,,Box Score,
2013-12-01,Portland Trail Blazers,114,Los Angeles Lakers,108,,Box Score,
2013-12-02,Orlando Magic,80,Washington Wizards,98,,Box Score,
2013-12-02,New Orleans Pelicans,131,Chicago Bulls,128,3OT,Box Score,
2013-12-02,Atlanta Hawks,100,San Antonio Spurs,102,,Box Score,
2013-12-02,Houston Rockets,103,Utah Jazz,109,,Box Score,
2013-12-02,Indiana Pacers,102,Portland Trail Blazers,106,,Box Score,
2013-12-03,Orlando Magic,125,Philadelphia 76ers,126,2OT,Box Score,
2013-12-03,Milwaukee Bucks,100,Boston Celtics,108,,Box Score,
2013-12-03,Denver Nuggets,111,Brooklyn Nets,87,,Box Score,
2013-12-03,Detroit Pistons,107,Miami Heat,97,,Box Score,
2013-12-03,Phoenix Suns,91,Memphis Grizzlies,110,,Box Score,
2013-12-03,Charlotte Bobcats,82,Dallas Mavericks,89,,Box Score,
2013-12-03,Oklahoma City Thunder,97,Sacramento Kings,95,,Box Score,
2013-12-03,Toronto Raptors,103,Golden State Warriors,112,,Box Score,
2013-12-04,Denver Nuggets,88,Cleveland Cavaliers,98,,Box Score,
2013-12-04,Los Angeles Clippers,97,Atlanta Hawks,107,,Box Score,
2013-12-04,Phoenix Suns,97,Houston Rockets,88,,Box Score,
2013-12-04,Detroit Pistons,105,Milwaukee Bucks,98,,Box Score,
2013-12-04,Dallas Mavericks,100,New Orleans Pelicans,97,,Box Score,
2013-12-04,Indiana Pacers,95,Utah Jazz,86,,Box Score,
2013-12-04,Oklahoma City Thunder,104,Portland Trail Blazers,111,,Box Score,
2013-12-05,New York Knicks,113,Brooklyn Nets,83,,Box Score,
2013-12-05,Los Angeles Clippers,101,Memphis Grizzlies,81,,Box Score,
2013-12-05,Miami Heat,87,Chicago Bulls,107,,Box Score,
2013-12-06,Philadelphia 76ers,88,Charlotte Bobcats,105,,Box Score,
2013-12-06,Milwaukee Bucks,109,Washington Wizards,105,OT,Box Score,
2013-12-06,Cleveland Cavaliers,89,Atlanta Hawks,108,,Box Score,
2013-12-06,Denver Nuggets,98,Boston Celtics,106,,Box Score,
2013-12-06,Orlando Magic,83,New York Knicks,121,,Box Score,
2013-12-06,Golden State Warriors,83,Houston Rockets,105,,Box Score,
2013-12-06,Oklahoma City Thunder,109,New Orleans Pelicans,95,,Box Score,
2013-12-06,Toronto Raptors,97,Phoenix Suns,106,,Box Score,
2013-12-06,Utah Jazz,98,Portland Trail Blazers,130,,Box Score,
2013-12-06,Los Angeles Lakers,106,Sacramento Kings,100,,Box Score,
2013-12-07,Denver Nuggets,103,Philadelphia 76ers,92,,Box Score,
2013-12-07,Los Angeles Clippers,82,Cleveland Cavaliers,88,,Box Score,
2013-12-07,Detroit Pistons,92,Chicago Bulls,75,,Box Score,
2013-12-07,Golden State Warriors,108,Memphis Grizzlies,82,,Box Score,
2013-12-07,Miami Heat,103,Minnesota Timberwolves,82,,Box Score,
2013-12-07,Brooklyn Nets,90,Milwaukee Bucks,82,,Box Score,
2013-12-07,Indiana Pacers,111,San Antonio Spurs,100,,Box Score,
2013-12-07,Sacramento Kings,112,Utah Jazz,102,OT,Box Score,
2013-12-07,Dallas Mavericks,108,Portland Trail Blazers,106,,Box Score,
2013-12-08,Boston Celtics,114,New York Knicks,73,,Box Score,
2013-12-08,Miami Heat,110,Detroit Pistons,95,,Box Score,
2013-12-08,Orlando Magic,88,Houston Rockets,98,,Box Score,
2013-12-08,Indiana Pacers,94,Oklahoma City Thunder,118,,Box Score,
2013-12-08,Toronto Raptors,106,Los Angeles Lakers,94,,Box Score,
2013-12-09,Golden State Warriors,111,Charlotte Bobcats,115,,Box Score,
2013-12-09,Los Angeles Clippers,94,Philadelphia 76ers,83,,Box Score,
2013-12-09,Denver Nuggets,75,Washington Wizards,74,,Box Score,
2013-12-09,Orlando Magic,85,Memphis Grizzlies,94,,Box Score,
2013-12-09,Portland Trail Blazers,105,Utah Jazz,94,,Box Score,
2013-12-09,Dallas Mavericks,97,Sacramento Kings,112,,Box Score,
2013-12-10,New York Knicks,94,Cleveland Cavaliers,109,,Box Score,
2013-12-10,Miami Heat,84,Indiana Pacers,90,,Box Score,
2013-12-10,San Antonio Spurs,116,Toronto Raptors,103,,Box Score,
2013-12-10,Oklahoma City Thunder,101,Atlanta Hawks,92,,Box Score,
2013-12-10,Boston Celtics,96,Brooklyn Nets,104,,Box Score,
2013-12-10,Minnesota Timberwolves,121,Detroit Pistons,94,,Box Score,
2013-12-10,Milwaukee Bucks,78,Chicago Bulls,74,,Box Score,
2013-12-10,Phoenix Suns,114,Los Angeles Lakers,108,,Box Score,
2013-12-11,Orlando Magic,92,Charlotte Bobcats,83,,Box Score,
2013-12-11,Los Angeles Clippers,96,Boston Celtics,88,,Box Score,
2013-12-11,Oklahoma City Thunder,116,Memphis Grizzlies,100,,Box Score,
2013-12-11,San Antonio Spurs,109,Milwaukee Bucks,77,,Box Score,
2013-12-11,Philadelphia 76ers,99,Minnesota Timberwolves,106,,Box Score,
2013-12-11,Detroit Pistons,106,New Orleans Pelicans,111,OT,Box Score,
2013-12-11,Chicago Bulls,78,New York Knicks,83,,Box Score,
2013-12-11,Utah Jazz,122,Sacramento Kings,101,,Box Score,
2013-12-11,Dallas Mavericks,93,Golden State Warriors,95,,Box Score,
2013-12-12,Los Angeles Clippers,93,Brooklyn Nets,102,,Box Score,
2013-12-12,Houston Rockets,104,Portland Trail Blazers,111,,Box Score,
2013-12-13,Charlotte Bobcats,94,Indiana Pacers,99,,Box Score,
2013-12-13,Cleveland Cavaliers,109,Orlando Magic,100,,Box Score,
2013-12-13,Philadelphia 76ers,100,Toronto Raptors,108,,Box Score,
2013-12-13,Washington Wizards,99,Atlanta Hawks,101,OT,Box Score,
2013-12-13,New York Knicks,86,Boston Celtics,90,,Box Score,
2013-12-13,Brooklyn Nets,99,Detroit Pistons,103,,Box Score,
2013-12-13,Memphis Grizzlies,98,New Orleans Pelicans,104,,Box Score,
2013-12-13,Los Angeles Lakers,97,Oklahoma City Thunder,122,,Box Score,
2013-12-13,Chicago Bulls,91,Milwaukee Bucks,90,,Box Score,
2013-12-13,Minnesota Timberwolves,110,San Antonio Spurs,117,,Box Score,
2013-12-13,Utah Jazz,103,Denver Nuggets,93,,Box Score,
2013-12-13,Sacramento Kings,107,Phoenix Suns,116,,Box Score,
2013-12-13,Houston Rockets,116,Golden State Warriors,112,,Box Score,
2013-12-14,Los Angeles Lakers,88,Charlotte Bobcats,85,,Box Score,
2013-12-14,Los Angeles Clippers,113,Washington Wizards,97,,Box Score,
2013-12-14,Cleveland Cavaliers,107,Miami Heat,114,,Box Score,
2013-12-14,Atlanta Hawks,106,New York Knicks,111,,Box Score,
2013-12-14,Toronto Raptors,99,Chicago Bulls,77,,Box Score,
2013-12-14,Portland Trail Blazers,139,Philadelphia 76ers,105,,Box Score,
2013-12-14,Milwaukee Bucks,93,Dallas Mavericks,106,,Box Score,
2013-12-14,San Antonio Spurs,100,Utah Jazz,84,,Box Score,
2013-12-15,Portland Trail Blazers,111,Detroit Pistons,109,OT,Box Score,
2013-12-15,Minnesota Timberwolves,101,Memphis Grizzlies,93,,Box Score,
2013-12-15,Houston Rockets,91,Sacramento Kings,106,,Box Score,
2013-12-15,Orlando Magic,98,Oklahoma City Thunder,101,,Box Score,
2013-12-15,New Orleans Pelicans,93,Denver Nuggets,102,,Box Score,
2013-12-15,Golden State Warriors,102,Phoenix Suns,106,,Box Score,
2013-12-16,Detroit Pistons,101,Indiana Pacers,96,,Box Score,
2013-12-16,Los Angeles Lakers,100,Atlanta Hawks,114,,Box Score,
2013-12-16,Minnesota Timberwolves,97,Boston Celtics,101,,Box Score,
2013-12-16,Philadelphia 76ers,94,Brooklyn Nets,130,,Box Score,
2013-12-16,Utah Jazz,94,Miami Heat,117,,Box Score,
2013-12-16,Washington Wizards,102,New York Knicks,101,,Box Score,
2013-12-16,Orlando Magic,83,Chicago Bulls,82,,Box Score,
2013-12-16,San Antonio Spurs,92,Los Angeles Clippers,115,,Box Score,
2013-12-17,Sacramento Kings,87,Charlotte Bobcats,95,,Box Score,
2013-12-17,Portland Trail Blazers,119,Cleveland Cavaliers,116,,Box Score,
2013-12-17,Los Angeles Lakers,96,Memphis Grizzlies,92,,Box Score,
2013-12-17,Oklahoma City Thunder,105,Denver Nuggets,93,,Box Score,
2013-12-17,New Orleans Pelicans,93,Golden State Warriors,104,,Box Score,
2013-12-18,Indiana Pacers,94,Miami Heat,97,,Box Score,
2013-12-18,Utah Jazz,86,Orlando Magic,82,,Box Score,
2013-12-18,Charlotte Bobcats,104,Toronto Raptors,102,OT,Box Score,
2013-12-18,Sacramento Kings,107,Atlanta Hawks,124,,Box Score,
2013-12-18,Detroit Pistons,107,Boston Celtics,106,,Box Score,
2013-12-18,Washington Wizards,113,Brooklyn Nets,107,,Box Score,
2013-12-18,New York Knicks,107,Milwaukee Bucks,101,2OT,Box Score,
2013-12-18,Portland Trail Blazers,109,Minnesota Timberwolves,120,,Box Score,
2013-12-18,Memphis Grizzlies,91,Dallas Mavericks,105,,Box Score,
2013-12-18,San Antonio Spurs,108,Phoenix Suns,101,,Box Score,
2013-12-18,Chicago Bulls,94,Houston Rockets,109,,Box Score,
2013-12-18,New Orleans Pelicans,95,Los Angeles Clippers,108,,Box Score,
2013-12-19,Chicago Bulls,95,Oklahoma City Thunder,107,,Box Score,
2013-12-19,San Antonio Spurs,104,Golden State Warriors,102,,Box Score,
2013-12-20,Brooklyn Nets,120,Philadelphia 76ers,121,OT,Box Score,
2013-12-20,Utah Jazz,85,Atlanta Hawks,118,,Box Score,
2013-12-20,Milwaukee Bucks,111,Cleveland Cavaliers,114,OT,Box Score,
2013-12-20,Charlotte Bobcats,116,Detroit Pistons,106,,Box Score,
2013-12-20,Sacramento Kings,103,Miami Heat,122,,Box Score,
2013-12-20,Houston Rockets,81,Indiana Pacers,114,,Box Score,
2013-12-20,Toronto Raptors,109,Dallas Mavericks,108,OT,Box Score,
2013-12-20,Phoenix Suns,103,Denver Nuggets,99,,Box Score,
2013-12-20,Minnesota Timberwolves,91,Los Angeles Lakers,104,,Box Score,
2013-12-21,Memphis Grizzlies,95,New York Knicks,87,,Box Score,
2013-12-21,Washington Wizards,106,Boston Celtics,99,,Box Score,
2013-12-21,Sacramento Kings,105,Orlando Magic,100,,Box Score,
2013-12-21,Utah Jazz,88,Charlotte Bobcats,85,,Box Score,
2013-12-21,Houston Rockets,114,Detroit Pistons,97,,Box Score,
2013-12-21,Cleveland Cavaliers,84,Chicago Bulls,100,,Box Score,
2013-12-21,Philadelphia 76ers,106,Milwaukee Bucks,116,,Box Score,
2013-12-21,Oklahoma City Thunder,113,San Antonio Spurs,100,,Box Score,
2013-12-21,Dallas Mavericks,108,Phoenix Suns,123,,Box Score,
2013-12-21,New Orleans Pelicans,107,Portland Trail Blazers,110,,Box Score,
2013-12-21,Los Angeles Lakers,83,Golden State Warriors,102,,Box Score,
2013-12-21,Denver Nuggets,91,Los Angeles Clippers,112,,Box Score,
2013-12-22,Boston Celtics,79,Indiana Pacers,106,,Box Score,
2013-12-22,Toronto Raptors,104,Oklahoma City Thunder,98,,Box Score,
2013-12-22,Minnesota Timberwolves,116,Los Angeles Clippers,120,OT,Box Score,
2013-12-23,Milwaukee Bucks,110,Charlotte Bobcats,111,OT,Box Score,
2013-12-23,Detroit Pistons,115,Cleveland Cavaliers,92,,Box Score,
2013-12-23,New York Knicks,103,Orlando Magic,98,,Box Score,
2013-12-23,Indiana Pacers,103,Brooklyn Nets,86,,Box Score,
2013-12-23,Atlanta Hawks,119,Miami Heat,121,OT,Box Score,
2013-12-23,Dallas Mavericks,111,Houston Rockets,104,,Box Score,
2013-12-23,Utah Jazz,94,Memphis Grizzlies,104,,Box Score,
2013-12-23,Toronto Raptors,99,San Antonio Spurs,112,,Box Score,
2013-12-23,Golden State Warriors,89,Denver Nuggets,81,,Box Score,
2013-12-23,Los Angeles Lakers,90,Phoenix Suns,117,,Box Score,
2013-12-23,New Orleans Pelicans,113,Sacramento Kings,100,,Box Score,
2013-12-25,Chicago Bulls,95,Brooklyn Nets,78,,Box Score,
2013-12-25,Oklahoma City Thunder,123,New York Knicks,94,,Box Score,
2013-12-25,Miami Heat,101,Los Angeles Lakers,95,,Box Score,
2013-12-25,Houston Rockets,111,San Antonio Spurs,98,,Box Score,
2013-12-25,Los Angeles Clippers,103,Golden State Warriors,105,,Box Score,
2013-12-26,Atlanta Hawks,127,Cleveland Cavaliers,125,2OT,Box Score,
2013-12-26,Memphis Grizzlies,92,Houston Rockets,100,,Box Score,
2013-12-26,San Antonio Spurs,116,Dallas Mavericks,107,,Box Score,
2013-12-26,Los Angeles Clippers,112,Portland Trail Blazers,116,OT,Box Score,
2013-12-27,Oklahoma City Thunder,89,Charlotte Bobcats,85,,Box Score,
2013-12-27,Detroit Pistons,92,Orlando Magic,109,,Box Score,
2013-12-27,Milwaukee Bucks,93,Brooklyn Nets,104,,Box Score,
2013-12-27,Toronto Raptors,95,New York Knicks,83,,Box Score,
2013-12-27,Washington Wizards,98,Minnesota Timberwolves,120,,Box Score,
2013-12-27,Denver Nuggets,89,New Orleans Pelicans,105,,Box Score,
2013-12-27,Los Angeles Lakers,103,Utah Jazz,105,,Box Score,
2013-12-27,Miami Heat,103,Sacramento Kings,108,OT,Box Score,
2013-12-27,Phoenix Suns,86,Golden State Warriors,115,,Box Score,
2013-12-28,Cleveland Cavaliers,100,Boston Celtics,103,,Box Score,
2013-12-28,Brooklyn Nets,91,Indiana Pacers,105,,Box Score,
2013-12-28,New York Knicks,100,Toronto Raptors,115,,Box Score,
2013-12-28,Detroit Pistons,82,Washington Wizards,106,,Box Score,
2013-12-28,Charlotte Bobcats,116,Atlanta Hawks,118,OT,Box Score,
2013-12-28,Dallas Mavericks,105,Chicago Bulls,83,,Box Score,
2013-12-28,New Orleans Pelicans,98,Houston Rockets,107,,Box Score,
2013-12-28,Denver Nuggets,99,Memphis Grizzlies,120,,Box Score,
2013-12-28,Minnesota Timberwolves,117,Milwaukee Bucks,95,,Box Score,
2013-12-28,Philadelphia 76ers,101,Phoenix Suns,115,,Box Score,
2013-12-28,Miami Heat,108,Portland Trail Blazers,107,,Box Score,
2013-12-28,Utah Jazz,90,Los Angeles Clippers,98,,Box Score,
2013-12-29,Golden State Warriors,108,Cleveland Cavaliers,104,OT,Box Score,
2013-12-29,Atlanta Hawks,102,Orlando Magic,109,,Box Score,
2013-12-29,Houston Rockets,86,Oklahoma City Thunder,117,,Box Score,
2013-12-29,Sacramento Kings,104,San Antonio Spurs,112,,Box Score,
2013-12-29,Philadelphia 76ers,111,Los Angeles Lakers,104,,Box Score,
2013-12-30,Washington Wizards,106,Detroit Pistons,99,,Box Score,
2013-12-30,Chicago Bulls,95,Memphis Grizzlies,91,,Box Score,
2013-12-30,Dallas Mavericks,100,Minnesota Timberwolves,98,,Box Score,
2013-12-30,Portland Trail Blazers,108,New Orleans Pelicans,110,,Box Score,
2013-12-30,Miami Heat,97,Denver Nuggets,94,,Box Score,
2013-12-30,Charlotte Bobcats,80,Utah Jazz,83,,Box Score,
2013-12-30,Phoenix Suns,107,Los Angeles Clippers,88,,Box Score,
2013-12-31,Atlanta Hawks,92,Boston Celtics,91,,Box Score,
2013-12-31,Cleveland Cavaliers,76,Indiana Pacers,91,,Box Score,
2013-12-31,Golden State Warriors,94,Orlando Magic,81,,Box Score,
2013-12-31,Sacramento Kings,110,Houston Rockets,106,,Box Score,
2013-12-31,Brooklyn Nets,92,San Antonio Spurs,113,,Box Score,
2013-12-31,Toronto Raptors,85,Chicago Bulls,79,,Box Score,
2013-12-31,Portland Trail Blazers,98,Oklahoma City Thunder,94,,Box Score,
2013-12-31,Milwaukee Bucks,94,Los Angeles Lakers,79,,Box Score,
2014-01-01,Dallas Mavericks,87,Washington Wizards,78,,Box Score,
2014-01-01,Indiana Pacers,82,Toronto Raptors,95,,Box Score,
2014-01-01,New Orleans Pelicans,112,Minnesota Timberwolves,124,,Box Score,
2014-01-01,Philadelphia 76ers,114,Denver Nuggets,102,,Box Score,
2014-01-01,Charlotte Bobcats,85,Los Angeles Clippers,112,,Box Score,
2014-01-02,Orlando Magic,81,Cleveland Cavaliers,87,OT,Box Score,
2014-01-02,Golden State Warriors,123,Miami Heat,114,,Box Score,
2014-01-02,Boston Celtics,82,Chicago Bulls,94,,Box Score,
2014-01-02,Brooklyn Nets,95,Oklahoma City Thunder,93,,Box Score,
2014-01-02,New York Knicks,105,San Antonio Spurs,101,,Box Score,
2014-01-02,Memphis Grizzlies,99,Phoenix Suns,91,,Box Score,
2014-01-02,Milwaukee Bucks,87,Utah Jazz,96,,Box Score,
2014-01-02,Charlotte Bobcats,104,Portland Trail Blazers,134,,Box Score,
2014-01-02,Philadelphia 76ers,113,Sacramento Kings,104,,Box Score,
2014-01-03,Toronto Raptors,101,Washington Wizards,88,,Box Score,
2014-01-03,Golden State Warriors,101,Atlanta Hawks,100,,Box Score,
2014-01-03,New Orleans Pelicans,95,Boston Celtics,92,,Box Score,
2014-01-03,New York Knicks,100,Houston Rockets,102,,Box Score,
2014-01-03,Los Angeles Clippers,119,Dallas Mavericks,112,,Box Score,
2014-01-03,Memphis Grizzlies,108,Denver Nuggets,111,,Box Score,
2014-01-03,Utah Jazz,99,Los Angeles Lakers,110,,Box Score,
2014-01-04,New Orleans Pelicans,82,Indiana Pacers,99,,Box Score,
2014-01-04,Miami Heat,110,Orlando Magic,94,,Box Score,
2014-01-04,Cleveland Cavaliers,82,Brooklyn Nets,89,,Box Score,
2014-01-04,Atlanta Hawks,84,Chicago Bulls,91,,Box Score,
2014-01-04,Oklahoma City Thunder,115,Minnesota Timberwolves,111,,Box Score,
2014-01-04,Los Angeles Clippers,92,San Antonio Spurs,116,,Box Score,
2014-01-04,Milwaukee Bucks,100,Phoenix Suns,116,,Box Score,
2014-01-04,Philadelphia 76ers,101,Portland Trail Blazers,99,,Box Score,
2014-01-04,Charlotte Bobcats,113,Sacramento Kings,103,,Box Score,
2014-01-05,Memphis Grizzlies,112,Detroit Pistons,84,,Box Score,
2014-01-05,Indiana Pacers,82,Cleveland Cavaliers,78,,Box Score,
2014-01-05,Toronto Raptors,97,Miami Heat,102,,Box Score,
2014-01-05,Golden State Warriors,112,Washington Wizards,96,,Box Score,
2014-01-05,Boston Celtics,96,Oklahoma City Thunder,119,,Box Score,
2014-01-05,New York Knicks,92,Dallas Mavericks,80,,Box Score,
2014-01-05,Denver Nuggets,137,Los Angeles Lakers,115,,Box Score,
2014-01-06,Minnesota Timberwolves,126,Philadelphia 76ers,95,,Box Score,
2014-01-06,Atlanta Hawks,86,Brooklyn Nets,91,,Box Score,
2014-01-06,Orlando Magic,81,Los Angeles Clippers,101,,Box Score,
2014-01-07,Washington Wizards,97,Charlotte Bobcats,83,,Box Score,
2014-01-07,Philadelphia 76ers,93,Cleveland Cavaliers,111,,Box Score,
2014-01-07,Toronto Raptors,79,Indiana Pacers,86,,Box Score,
2014-01-07,New Orleans Pelicans,88,Miami Heat,107,,Box Score,
2014-01-07,Detroit Pistons,85,New York Knicks,89,,Box Score,
2014-01-07,Phoenix Suns,87,Chicago Bulls,92,,Box Score,
2014-01-07,San Antonio Spurs,110,Memphis Grizzlies,108,OT,Box Score,
2014-01-07,Golden State Warriors,101,Milwaukee Bucks,80,,Box Score,
2014-01-07,Los Angeles Lakers,97,Dallas Mavericks,110,,Box Score,
2014-01-07,Boston Celtics,98,Denver Nuggets,129,,Box Score,
2014-01-07,Oklahoma City Thunder,101,Utah Jazz,112,,Box Score,
2014-01-07,Portland Trail Blazers,119,Sacramento Kings,123,,Box Score,
2014-01-08,Dallas Mavericks,90,San Antonio Spurs,112,,Box Score,
2014-01-08,Detroit Pistons,91,Toronto Raptors,112,,Box Score,
2014-01-08,Indiana Pacers,87,Atlanta Hawks,97,,Box Score,
2014-01-08,Golden State Warriors,98,Brooklyn Nets,102,,Box Score,
2014-01-08,Los Angeles Lakers,99,Houston Rockets,113,,Box Score,
2014-01-08,Washington Wizards,102,New Orleans Pelicans,96,,Box Score,
2014-01-08,Phoenix Suns,104,Minnesota Timberwolves,103,,Box Score,
2014-01-08,Orlando Magic,94,Portland Trail Blazers,110,,Box Score,
2014-01-08,Boston Celtics,105,Los Angeles Clippers,111,,Box Score,
2014-01-09,Miami Heat,92,New York Knicks,102,,Box Score,
2014-01-09,Oklahoma City Thunder,88,Denver Nuggets,101,,Box Score,
2014-01-10,Washington Wizards,66,Indiana Pacers,93,,Box Score,
2014-01-10,Detroit Pistons,114,Philadelphia 76ers,104,,Box Score,
2014-01-10,Houston Rockets,80,Atlanta Hawks,83,,Box Score,
2014-01-10,Miami Heat,95,Brooklyn Nets,104,2OT,Box Score,
2014-01-10,Phoenix Suns,99,Memphis Grizzlies,104,,Box Score,
2014-01-10,Charlotte Bobcats,92,Minnesota Timberwolves,119,,Box Score,
2014-01-10,Dallas Mavericks,107,New Orleans Pelicans,90,,Box Score,
2014-01-10,Chicago Bulls,81,Milwaukee Bucks,72,,Box Score,
2014-01-10,Cleveland Cavaliers,113,Utah Jazz,102,,Box Score,
2014-01-10,Orlando Magic,83,Sacramento Kings,103,,Box Score,
2014-01-10,Boston Celtics,97,Golden State Warriors,99,,Box Score,
2014-01-10,Los Angeles Lakers,87,Los Angeles Clippers,123,,Box Score,
2014-01-11,Brooklyn Nets,80,Toronto Raptors,96,,Box Score,
2014-01-11,Houston Rockets,114,Washington Wizards,107,,Box Score,
2014-01-11,Phoenix Suns,108,Detroit Pistons,110,,Box Score,
2014-01-11,New York Knicks,102,Philadelphia 76ers,92,,Box Score,
2014-01-11,Charlotte Bobcats,97,Chicago Bulls,103,,Box Score,
2014-01-11,Milwaukee Bucks,85,Oklahoma City Thunder,101,,Box Score,
2014-01-11,New Orleans Pelicans,107,Dallas Mavericks,110,,Box Score,
2014-01-11,Orlando Magic,94,Denver Nuggets,120,,Box Score,
2014-01-11,Boston Celtics,104,Portland Trail Blazers,112,,Box Score,
2014-01-12,Atlanta Hawks,101,Memphis Grizzlies,108,,Box Score,
2014-01-12,Cleveland Cavaliers,80,Sacramento Kings,124,,Box Score,
2014-01-12,Minnesota Timberwolves,86,San Antonio Spurs,104,,Box Score,
2014-01-13,Milwaukee Bucks,94,Toronto Raptors,116,,Box Score,
2014-01-13,Houston Rockets,104,Boston Celtics,92,,Box Score,
2014-01-13,Phoenix Suns,96,New York Knicks,98,OT,Box Score,
2014-01-13,Washington Wizards,102,Chicago Bulls,88,,Box Score,
2014-01-13,San Antonio Spurs,101,New Orleans Pelicans,95,,Box Score,
2014-01-13,Orlando Magic,88,Dallas Mavericks,107,,Box Score,
2014-01-13,Denver Nuggets,103,Utah Jazz,118,,Box Score,
2014-01-14,New York Knicks,98,Charlotte Bobcats,108,,Box Score,
2014-01-14,Sacramento Kings,92,Indiana Pacers,116,,Box Score,
2014-01-14,Oklahoma City Thunder,87,Memphis Grizzlies,90,,Box Score,
2014-01-14,Cleveland Cavaliers,120,Los Angeles Lakers,118,,Box Score,
2014-01-15,Chicago Bulls,128,Orlando Magic,125,3OT,Box Score,
2014-01-15,Charlotte Bobcats,92,Philadelphia 76ers,95,,Box Score,
2014-01-15,Miami Heat,97,Washington Wizards,114,,Box Score,
2014-01-15,Toronto Raptors,83,Boston Celtics,88,,Box Score,
2014-01-15,Memphis Grizzlies,82,Milwaukee Bucks,77,,Box Score,
2014-01-15,Sacramento Kings,111,Minnesota Timberwolves,108,,Box Score,
2014-01-15,Houston Rockets,103,New Orleans Pelicans,100,,Box Score,
2014-01-15,Utah Jazz,105,San Antonio Spurs,109,,Box Score,
2014-01-15,Los Angeles Lakers,114,Phoenix Suns,121,,Box Score,
2014-01-15,Cleveland Cavaliers,96,Portland Trail Blazers,108,,Box Score,
2014-01-15,Denver Nuggets,123,Golden State Warriors,116,,Box Score,
2014-01-15,Dallas Mavericks,127,Los Angeles Clippers,129,,Box Score,
2014-01-16,Brooklyn Nets,127,Atlanta Hawks,110,,Box Score,"at London, England"
2014-01-16,New York Knicks,89,Indiana Pacers,117,,Box Score,
2014-01-16,Oklahoma City Thunder,104,Houston Rockets,92,,Box Score,
2014-01-17,Los Angeles Clippers,109,New York Knicks,95,,Box Score,
2014-01-17,Charlotte Bobcats,111,Orlando Magic,101,,Box Score,
2014-01-17,Miami Heat,101,Philadelphia 76ers,86,,Box Score,
2014-01-17,Minnesota Timberwolves,89,Toronto Raptors,94,,Box Score,
2014-01-17,Chicago Bulls,93,Washington Wizards,96,,Box Score,
2014-01-17,Los Angeles Lakers,107,Boston Celtics,104,,Box Score,
2014-01-17,Utah Jazz,110,Detroit Pistons,89,,Box Score,
2014-01-17,Sacramento Kings,90,Memphis Grizzlies,91,,Box Score,
2014-01-17,Portland Trail Blazers,109,San Antonio Spurs,100,,Box Score,
2014-01-17,Cleveland Cavaliers,117,Denver Nuggets,109,,Box Score,
2014-01-17,Dallas Mavericks,110,Phoenix Suns,107,,Box Score,
2014-01-17,Golden State Warriors,121,Oklahoma City Thunder,127,,Box Score,
2014-01-18,Los Angeles Clippers,92,Indiana Pacers,106,,Box Score,
2014-01-18,Detroit Pistons,104,Washington Wizards,98,,Box Score,
2014-01-18,Miami Heat,104,Charlotte Bobcats,96,OT,Box Score,
2014-01-18,Philadelphia 76ers,78,Chicago Bulls,103,,Box Score,
2014-01-18,Milwaukee Bucks,104,Houston Rockets,114,,Box Score,
2014-01-18,Utah Jazz,72,Minnesota Timberwolves,98,,Box Score,
2014-01-18,Golden State Warriors,97,New Orleans Pelicans,87,,Box Score,
2014-01-18,Portland Trail Blazers,127,Dallas Mavericks,111,,Box Score,
2014-01-19,Los Angeles Lakers,112,Toronto Raptors,106,,Box Score,
2014-01-19,Boston Celtics,91,Orlando Magic,93,,Box Score,
2014-01-19,Sacramento Kings,93,Oklahoma City Thunder,108,,Box Score,
2014-01-19,Milwaukee Bucks,82,San Antonio Spurs,110,,Box Score,
2014-01-19,Denver Nuggets,103,Phoenix Suns,117,,Box Score,
2014-01-20,Dallas Mavericks,102,Cleveland Cavaliers,97,,Box Score,
2014-01-20,Los Angeles Clippers,112,Detroit Pistons,103,,Box Score,
2014-01-20,Toronto Raptors,95,Charlotte Bobcats,100,,Box Score,
2014-01-20,Philadelphia 76ers,99,Washington Wizards,107,,Box Score,
2014-01-20,Brooklyn Nets,103,New York Knicks,80,,Box Score,
2014-01-20,New Orleans Pelicans,95,Memphis Grizzlies,92,,Box Score,
2014-01-20,Miami Heat,114,Atlanta Hawks,121,,Box Score,
2014-01-20,Los Angeles Lakers,100,Chicago Bulls,102,OT,Box Score,
2014-01-20,Portland Trail Blazers,113,Houston Rockets,126,,Box Score,
2014-01-20,Indiana Pacers,102,Golden State Warriors,94,,Box Score,
2014-01-21,Orlando Magic,90,Brooklyn Nets,101,,Box Score,
2014-01-21,Boston Celtics,86,Miami Heat,93,,Box Score,
2014-01-21,Sacramento Kings,114,New Orleans Pelicans,97,,Box Score,
2014-01-21,Portland Trail Blazers,97,Oklahoma City Thunder,105,,Box Score,
2014-01-21,Minnesota Timberwolves,112,Utah Jazz,97,,Box Score,
2014-01-22,Los Angeles Clippers,91,Charlotte Bobcats,95,,Box Score,
2014-01-22,Chicago Bulls,98,Cleveland Cavaliers,87,,Box Score,
2014-01-22,Atlanta Hawks,112,Orlando Magic,109,,Box Score,
2014-01-22,Dallas Mavericks,85,Toronto Raptors,93,,Box Score,
2014-01-22,Boston Celtics,113,Washington Wizards,111,OT,Box Score,
2014-01-22,Philadelphia 76ers,110,New York Knicks,106,,Box Score,
2014-01-22,Sacramento Kings,98,Houston Rockets,119,,Box Score,
2014-01-22,Detroit Pistons,101,Milwaukee Bucks,104,,Box Score,
2014-01-22,Oklahoma City Thunder,111,San Antonio Spurs,105,,Box Score,
2014-01-22,Indiana Pacers,100,Phoenix Suns,124,,Box Score,
2014-01-23,Los Angeles Lakers,102,Miami Heat,109,,Box Score,
2014-01-23,Denver Nuggets,105,Portland Trail Blazers,110,,Box Score,
2014-01-24,Los Angeles Lakers,105,Orlando Magic,114,,Box Score,
2014-01-24,Toronto Raptors,104,Philadelphia 76ers,95,,Box Score,
2014-01-24,San Antonio Spurs,105,Atlanta Hawks,79,,Box Score,
2014-01-24,Oklahoma City Thunder,101,Boston Celtics,83,,Box Score,
2014-01-24,Dallas Mavericks,106,Brooklyn Nets,107,,Box Score,
2014-01-24,Milwaukee Bucks,78,Cleveland Cavaliers,93,,Box Score,
2014-01-24,New Orleans Pelicans,103,Detroit Pistons,101,,Box Score,
2014-01-24,Charlotte Bobcats,96,New York Knicks,125,,Box Score,
2014-01-24,Los Angeles Clippers,112,Chicago Bulls,95,,Box Score,
2014-01-24,Memphis Grizzlies,88,Houston Rockets,87,,Box Score,
2014-01-24,Washington Wizards,101,Phoenix Suns,95,,Box Score,
2014-01-24,Indiana Pacers,116,Sacramento Kings,111,OT,Box Score,
2014-01-24,Minnesota Timberwolves,121,Golden State Warriors,120,,Box Score,
2014-01-25,Chicago Bulls,89,Charlotte Bobcats,87,,Box Score,
2014-01-25,Los Angeles Clippers,126,Toronto Raptors,118,,Box Score,
2014-01-25,Oklahoma City Thunder,103,Philadelphia 76ers,91,,Box Score,
2014-01-25,Houston Rockets,81,Memphis Grizzlies,99,,Box Score,
2014-01-25,Atlanta Hawks,112,Milwaukee Bucks,87,,Box Score,
2014-01-25,Indiana Pacers,96,Denver Nuggets,109,,Box Score,
2014-01-25,Washington Wizards,101,Utah Jazz,104,,Box Score,
2014-01-25,Minnesota Timberwolves,104,Portland Trail Blazers,115,,Box Score,
2014-01-26,San Antonio Spurs,101,Miami Heat,113,,Box Score,
2014-01-26,Los Angeles Lakers,103,New York Knicks,110,,Box Score,
2014-01-26,Phoenix Suns,99,Cleveland Cavaliers,90,,Box Score,
2014-01-26,Orlando Magic,92,New Orleans Pelicans,100,,Box Score,
2014-01-26,Brooklyn Nets,85,Boston Celtics,79,,Box Score,
2014-01-26,Detroit Pistons,106,Dallas Mavericks,116,,Box Score,
2014-01-26,Portland Trail Blazers,88,Golden State Warriors,103,,Box Score,
2014-01-26,Denver Nuggets,125,Sacramento Kings,117,,Box Score,
2014-01-27,Phoenix Suns,124,Philadelphia 76ers,113,,Box Score,
2014-01-27,Toronto Raptors,104,Brooklyn Nets,103,,Box Score,
2014-01-27,Minnesota Timberwolves,95,Chicago Bulls,86,,Box Score,
2014-01-27,Los Angeles Clippers,114,Milwaukee Bucks,86,,Box Score,
2014-01-27,Atlanta Hawks,109,Oklahoma City Thunder,111,,Box Score,
2014-01-27,Sacramento Kings,99,Utah Jazz,106,,Box Score,
2014-01-28,New Orleans Pelicans,100,Cleveland Cavaliers,89,,Box Score,
2014-01-28,Orlando Magic,87,Detroit Pistons,103,,Box Score,
2014-01-28,Boston Celtics,88,New York Knicks,114,,Box Score,
2014-01-28,San Antonio Spurs,90,Houston Rockets,97,,Box Score,
2014-01-28,Memphis Grizzlies,98,Portland Trail Blazers,81,,Box Score,
2014-01-28,Washington Wizards,88,Golden State Warriors,85,,Box Score,
2014-01-28,Indiana Pacers,104,Los Angeles Lakers,92,,Box Score,
2014-01-29,Oklahoma City Thunder,112,Miami Heat,95,,Box Score,
2014-01-29,Orlando Magic,83,Toronto Raptors,98,,Box Score,
2014-01-29,Philadelphia 76ers,95,Boston Celtics,94,,Box Score,
2014-01-29,Phoenix Suns,126,Milwaukee Bucks,117,,Box Score,
2014-01-29,New Orleans Pelicans,77,Minnesota Timberwolves,88,,Box Score,
2014-01-29,Houston Rockets,117,Dallas Mavericks,115,,Box Score,
2014-01-29,Charlotte Bobcats,101,Denver Nuggets,98,,Box Score,
2014-01-29,Chicago Bulls,96,San Antonio Spurs,86,,Box Score,
2014-01-29,Memphis Grizzlies,99,Sacramento Kings,89,,Box Score,
2014-01-29,Washington Wizards,103,Los Angeles Clippers,110,,Box Score,
2014-01-30,Phoenix Suns,102,Indiana Pacers,94,,Box Score,
2014-01-30,Cleveland Cavaliers,86,New York Knicks,117,,Box Score,
2014-01-30,Los Angeles Clippers,92,Golden State Warriors,111,,Box Score,
2014-01-31,Milwaukee Bucks,102,Orlando Magic,113,,Box Score,
2014-01-31,Atlanta Hawks,125,Philadelphia 76ers,99,,Box Score,
2014-01-31,Oklahoma City Thunder,120,Brooklyn Nets,95,,Box Score,
2014-01-31,Memphis Grizzlies,94,Minnesota Timberwolves,90,,Box Score,
2014-01-31,Sacramento Kings,103,Dallas Mavericks,107,,Box Score,
2014-01-31,Toronto Raptors,100,Denver Nuggets,90,,Box Score,
2014-01-31,Charlotte Bobcats,110,Los Angeles Lakers,100,,Box Score,
2014-01-31,Golden State Warriors,95,Utah Jazz,90,,Box Score,
2014-02-01,Brooklyn Nets,96,Indiana Pacers,97,,Box Score,
2014-02-01,Oklahoma City Thunder,81,Washington Wizards,96,,Box Score,
2014-02-01,Minnesota Timberwolves,113,Atlanta Hawks,120,,Box Score,
2014-02-01,Philadelphia 76ers,96,Detroit Pistons,113,,Box Score,
2014-02-01,Cleveland Cavaliers,92,Houston Rockets,106,,Box Score,
2014-02-01,Milwaukee Bucks,90,Memphis Grizzlies,99,,Box Score,
2014-02-01,Chicago Bulls,79,New Orleans Pelicans,88,,Box Score,
2014-02-01,Miami Heat,106,New York Knicks,91,,Box Score,
2014-02-01,Sacramento Kings,93,San Antonio Spurs,95,,Box Score,
2014-02-01,Charlotte Bobcats,95,Phoenix Suns,105,,Box Score,
2014-02-01,Toronto Raptors,103,Portland Trail Blazers,106,,Box Score,
2014-02-01,Utah Jazz,87,Los Angeles Clippers,102,,Box Score,
2014-02-02,Orlando Magic,89,Boston Celtics,96,,Box Score,
2014-02-03,Orlando Magic,79,Indiana Pacers,98,,Box Score,
2014-02-03,Portland Trail Blazers,90,Washington Wizards,100,,Box Score,
2014-02-03,Philadelphia 76ers,102,Brooklyn Nets,108,,Box Score,
2014-02-03,Detroit Pistons,96,Miami Heat,102,,Box Score,
2014-02-03,New York Knicks,98,Milwaukee Bucks,101,,Box Score,
2014-02-03,San Antonio Spurs,102,New Orleans Pelicans,95,,Box Score,
2014-02-03,Memphis Grizzlies,77,Oklahoma City Thunder,86,,Box Score,
2014-02-03,Cleveland Cavaliers,107,Dallas Mavericks,124,,Box Score,
2014-02-03,Los Angeles Clippers,115,Denver Nuggets,116,,Box Score,
2014-02-03,Toronto Raptors,94,Utah Jazz,79,,Box Score,
2014-02-03,Chicago Bulls,70,Sacramento Kings,99,,Box Score,
2014-02-04,Indiana Pacers,89,Atlanta Hawks,85,,Box Score,
2014-02-04,Los Angeles Lakers,99,Minnesota Timberwolves,109,,Box Score,
2014-02-04,Chicago Bulls,101,Phoenix Suns,92,,Box Score,
2014-02-04,Charlotte Bobcats,91,Golden State Warriors,75,,Box Score,
2014-02-05,Los Angeles Lakers,119,Cleveland Cavaliers,108,,Box Score,
2014-02-05,Detroit Pistons,98,Orlando Magic,112,,Box Score,
2014-02-05,Boston Celtics,114,Philadelphia 76ers,108,,Box Score,
2014-02-05,San Antonio Spurs,125,Washington Wizards,118,2OT,Box Score,
2014-02-05,Phoenix Suns,108,Houston Rockets,122,,Box Score,
2014-02-05,Dallas Mavericks,110,Memphis Grizzlies,96,,Box Score,
2014-02-05,Atlanta Hawks,100,New Orleans Pelicans,105,,Box Score,
2014-02-05,Portland Trail Blazers,94,New York Knicks,90,,Box Score,
2014-02-05,Minnesota Timberwolves,97,Oklahoma City Thunder,106,,Box Score,
2014-02-05,Milwaukee Bucks,100,Denver Nuggets,110,,Box Score,
2014-02-05,Toronto Raptors,101,Sacramento Kings,109,,Box Score,
2014-02-05,Miami Heat,116,Los Angeles Clippers,112,,Box Score,
2014-02-06,San Antonio Spurs,89,Brooklyn Nets,103,,Box Score,
2014-02-06,Chicago Bulls,87,Golden State Warriors,102,,Box Score,
2014-02-07,Portland Trail Blazers,113,Indiana Pacers,118,OT,Box Score,
2014-02-07,Oklahoma City Thunder,102,Orlando Magic,103,,Box Score,
2014-02-07,Los Angeles Lakers,112,Philadelphia 76ers,98,,Box Score,
2014-02-07,Cleveland Cavaliers,115,Washington Wizards,113,,Box Score,
2014-02-07,Sacramento Kings,89,Boston Celtics,99,,Box Score,
2014-02-07,Brooklyn Nets,95,Detroit Pistons,111,,Box Score,
2014-02-07,Denver Nuggets,90,New York Knicks,117,,Box Score,
2014-02-07,Utah Jazz,81,Dallas Mavericks,103,,Box Score,
2014-02-07,Minnesota Timberwolves,91,New Orleans Pelicans,98,,Box Score,
2014-02-07,Toronto Raptors,105,Los Angeles Clippers,118,,Box Score,
2014-02-08,San Antonio Spurs,104,Charlotte Bobcats,100,,Box Score,
2014-02-08,Memphis Grizzlies,79,Atlanta Hawks,76,,Box Score,
2014-02-08,Denver Nuggets,109,Detroit Pistons,126,,Box Score,
2014-02-08,Portland Trail Blazers,117,Minnesota Timberwolves,110,,Box Score,
2014-02-08,Houston Rockets,101,Milwaukee Bucks,95,,Box Score,
2014-02-08,Golden State Warriors,109,Phoenix Suns,122,,Box Score,
2014-02-08,Miami Heat,89,Utah Jazz,94,,Box Score,
2014-02-09,New York Knicks,100,Oklahoma City Thunder,112,,Box Score,
2014-02-09,Chicago Bulls,92,Los Angeles Lakers,86,,Box Score,
2014-02-09,Dallas Mavericks,102,Boston Celtics,91,,Box Score,
2014-02-09,New Orleans Pelicans,81,Brooklyn Nets,93,,Box Score,
2014-02-09,Memphis Grizzlies,83,Cleveland Cavaliers,91,OT,Box Score,
2014-02-09,Indiana Pacers,92,Orlando Magic,93,,Box Score,
2014-02-09,Sacramento Kings,84,Washington Wizards,93,,Box Score,
2014-02-09,Philadelphia 76ers,78,Los Angeles Clippers,123,,Box Score,
2014-02-10,Denver Nuggets,80,Indiana Pacers,119,,Box Score,
2014-02-10,New Orleans Pelicans,101,Toronto Raptors,108,,Box Score,
2014-02-10,San Antonio Spurs,100,Detroit Pistons,109,,Box Score,
2014-02-10,Boston Celtics,102,Milwaukee Bucks,86,,Box Score,
2014-02-10,Houston Rockets,107,Minnesota Timberwolves,89,,Box Score,
2014-02-10,Philadelphia 76ers,80,Golden State Warriors,123,,Box Score,
2014-02-11,Dallas Mavericks,89,Charlotte Bobcats,114,,Box Score,
2014-02-11,Sacramento Kings,99,Cleveland Cavaliers,109,,Box Score,
2014-02-11,Atlanta Hawks,85,Chicago Bulls,100,,Box Score,
2014-02-11,Washington Wizards,89,Memphis Grizzlies,92,,Box Score,
2014-02-11,Miami Heat,103,Phoenix Suns,97,,Box Score,
2014-02-11,Oklahoma City Thunder,98,Portland Trail Blazers,95,,Box Score,
2014-02-11,Utah Jazz,96,Los Angeles Lakers,79,,Box Score,
2014-02-12,Dallas Mavericks,81,Indiana Pacers,73,,Box Score,
2014-02-12,Memphis Grizzlies,86,Orlando Magic,81,,Box Score,
2014-02-12,Atlanta Hawks,83,Toronto Raptors,104,,Box Score,
2014-02-12,San Antonio Spurs,104,Boston Celtics,92,,Box Score,
2014-02-12,Charlotte Bobcats,89,Brooklyn Nets,105,,Box Score,
2014-02-12,Cleveland Cavaliers,93,Detroit Pistons,89,,Box Score,
2014-02-12,Sacramento Kings,106,New York Knicks,101,OT,Box Score,
2014-02-12,Washington Wizards,112,Houston Rockets,113,,Box Score,
2014-02-12,New Orleans Pelicans,102,Milwaukee Bucks,98,,Box Score,
2014-02-12,Denver Nuggets,90,Minnesota Timberwolves,117,,Box Score,
2014-02-12,Philadelphia 76ers,100,Utah Jazz,105,,Box Score,
2014-02-12,Miami Heat,111,Golden State Warriors,110,,Box Score,
2014-02-12,Portland Trail Blazers,117,Los Angeles Clippers,122,,Box Score,
2014-02-13,Brooklyn Nets,76,Chicago Bulls,92,,Box Score,
2014-02-13,Oklahoma City Thunder,107,Los Angeles Lakers,103,,Box Score,
2014-02-18,Atlanta Hawks,98,Indiana Pacers,108,,Box Score,
2014-02-18,Cleveland Cavaliers,114,Philadelphia 76ers,85,,Box Score,
2014-02-18,Toronto Raptors,103,Washington Wizards,93,,Box Score,
2014-02-18,Charlotte Bobcats,108,Detroit Pistons,96,,Box Score,
2014-02-18,New York Knicks,93,Memphis Grizzlies,98,,Box Score,
2014-02-18,Orlando Magic,100,Milwaukee Bucks,104,,Box Score,
2014-02-18,Miami Heat,117,Dallas Mavericks,106,,Box Score,
2014-02-18,Phoenix Suns,112,Denver Nuggets,107,OT,Box Score,
2014-02-18,San Antonio Spurs,113,Los Angeles Clippers,103,,Box Score,
2014-02-19,Detroit Pistons,98,Charlotte Bobcats,116,,Box Score,
2014-02-19,Orlando Magic,93,Cleveland Cavaliers,101,,Box Score,
2014-02-19,Chicago Bulls,94,Toronto Raptors,92,,Box Score,
2014-02-19,Washington Wizards,114,Atlanta Hawks,97,,Box Score,
2014-02-19,Indiana Pacers,91,Minnesota Timberwolves,104,,Box Score,
2014-02-19,New York Knicks,98,New Orleans Pelicans,91,,Box Score,
2014-02-19,Boston Celtics,94,Phoenix Suns,100,,Box Score,
2014-02-19,Brooklyn Nets,105,Utah Jazz,99,,Box Score,
2014-02-19,San Antonio Spurs,111,Portland Trail Blazers,109,,Box Score,
2014-02-19,Golden State Warriors,101,Sacramento Kings,92,,Box Score,
2014-02-19,Houston Rockets,134,Los Angeles Lakers,108,,Box Score,
2014-02-20,Denver Nuggets,101,Milwaukee Bucks,90,,Box Score,
2014-02-20,Miami Heat,103,Oklahoma City Thunder,81,,Box Score,
2014-02-20,Houston Rockets,99,Golden State Warriors,102,OT,Box Score,
2014-02-21,New Orleans Pelicans,87,Charlotte Bobcats,90,,Box Score,
2014-02-21,New York Knicks,121,Orlando Magic,129,2OT,Box Score,
2014-02-21,Dallas Mavericks,124,Philadelphia 76ers,112,,Box Score,
2014-02-21,Cleveland Cavaliers,91,Toronto Raptors,98,,Box Score,
2014-02-21,Atlanta Hawks,107,Detroit Pistons,115,,Box Score,
2014-02-21,Denver Nuggets,89,Chicago Bulls,117,,Box Score,
2014-02-21,Los Angeles Clippers,96,Memphis Grizzlies,102,,Box Score,
2014-02-21,San Antonio Spurs,85,Phoenix Suns,106,,Box Score,
2014-02-21,Utah Jazz,94,Portland Trail Blazers,102,,Box Score,
2014-02-21,Boston Celtics,92,Los Angeles Lakers,101,,Box Score,
2014-02-22,Memphis Grizzlies,89,Charlotte Bobcats,92,,Box Score,
2014-02-22,New Orleans Pelicans,93,Washington Wizards,94,,Box Score,
2014-02-22,New York Knicks,98,Atlanta Hawks,107,,Box Score,
2014-02-22,Dallas Mavericks,113,Detroit Pistons,102,,Box Score,
2014-02-22,Indiana Pacers,110,Milwaukee Bucks,100,,Box Score,
2014-02-22,Minnesota Timberwolves,121,Utah Jazz,104,,Box Score,
2014-02-22,Boston Celtics,98,Sacramento Kings,105,,Box Score,
2014-02-22,Brooklyn Nets,86,Golden State Warriors,93,,Box Score,
2014-02-23,Los Angeles Clippers,125,Oklahoma City Thunder,117,,Box Score,
2014-02-23,Chicago Bulls,79,Miami Heat,93,,Box Score,
2014-02-23,Washington Wizards,96,Cleveland Cavaliers,83,,Box Score,
2014-02-23,Orlando Magic,90,Toronto Raptors,105,,Box Score,
2014-02-23,Sacramento Kings,109,Denver Nuggets,95,,Box Score,
2014-02-23,Brooklyn Nets,108,Los Angeles Lakers,102,,Box Score,
2014-02-23,Houston Rockets,115,Phoenix Suns,112,,Box Score,
2014-02-23,Minnesota Timberwolves,97,Portland Trail Blazers,108,,Box Score,
2014-02-24,Milwaukee Bucks,130,Philadelphia 76ers,110,,Box Score,
2014-02-24,Golden State Warriors,104,Detroit Pistons,96,,Box Score,
2014-02-24,Dallas Mavericks,110,New York Knicks,108,,Box Score,
2014-02-24,Los Angeles Clippers,123,New Orleans Pelicans,110,,Box Score,
2014-02-24,Boston Celtics,98,Utah Jazz,110,,Box Score,
2014-02-25,Toronto Raptors,99,Cleveland Cavaliers,93,,Box Score,
2014-02-25,Los Angeles Lakers,98,Indiana Pacers,118,,Box Score,
2014-02-25,Orlando Magic,106,Washington Wizards,115,,Box Score,
2014-02-25,Chicago Bulls,107,Atlanta Hawks,103,,Box Score,
2014-02-25,Portland Trail Blazers,100,Denver Nuggets,95,,Box Score,
2014-02-25,Minnesota Timberwolves,110,Phoenix Suns,101,,Box Score,
2014-02-25,Houston Rockets,129,Sacramento Kings,103,,Box Score,
2014-02-26,Orlando Magic,101,Philadelphia 76ers,90,,Box Score,
2014-02-26,Atlanta Hawks,104,Boston Celtics,115,,Box Score,
2014-02-26,Golden State Warriors,83,Chicago Bulls,103,,Box Score,
2014-02-26,New Orleans Pelicans,89,Dallas Mavericks,108,,Box Score,
2014-02-26,Los Angeles Lakers,103,Memphis Grizzlies,108,,Box Score,
2014-02-26,Cleveland Cavaliers,114,Oklahoma City Thunder,104,,Box Score,
2014-02-26,Detroit Pistons,110,San Antonio Spurs,120,,Box Score,
2014-02-26,Phoenix Suns,86,Utah Jazz,109,,Box Score,
2014-02-26,Brooklyn Nets,80,Portland Trail Blazers,124,,Box Score,
2014-02-26,Houston Rockets,93,Los Angeles Clippers,101,,Box Score,
2014-02-27,Milwaukee Bucks,96,Indiana Pacers,101,,Box Score,
2014-02-27,Washington Wizards,134,Toronto Raptors,129,3OT,Box Score,
2014-02-27,New York Knicks,82,Miami Heat,108,,Box Score,
2014-02-27,Brooklyn Nets,112,Denver Nuggets,89,,Box Score,
2014-02-28,Utah Jazz,79,Cleveland Cavaliers,99,,Box Score,
2014-02-28,Golden State Warriors,126,New York Knicks,103,,Box Score,
2014-02-28,Memphis Grizzlies,107,Oklahoma City Thunder,113,,Box Score,
2014-02-28,Chicago Bulls,100,Dallas Mavericks,91,,Box Score,
2014-02-28,Charlotte Bobcats,82,San Antonio Spurs,92,,Box Score,
2014-02-28,Sacramento Kings,122,Los Angeles Lakers,126,,Box Score,
2014-02-28,New Orleans Pelicans,104,Phoenix Suns,116,,Box Score,
2014-03-01,Orlando Magic,98,Miami Heat,112,,Box Score,
2014-03-01,Washington Wizards,122,Philadelphia 76ers,103,,Box Score,
2014-03-01,Indiana Pacers,102,Boston Celtics,97,,Box Score,
2014-03-01,Detroit Pistons,110,Houston Rockets,118,,Box Score,
2014-03-01,Brooklyn Nets,107,Milwaukee Bucks,98,,Box Score,
2014-03-01,Cleveland Cavaliers,96,Memphis Grizzlies,110,,Box Score,
2014-03-01,Denver Nuggets,96,Portland Trail Blazers,102,,Box Score,
2014-03-01,Minnesota Timberwolves,108,Sacramento Kings,97,,Box Score,
2014-03-01,New Orleans Pelicans,76,Los Angeles Clippers,108,,Box Score,
2014-03-02,New York Knicks,90,Chicago Bulls,109,,Box Score,
2014-03-02,Golden State Warriors,98,Toronto Raptors,104,,Box Score,
2014-03-02,Utah Jazz,91,Indiana Pacers,94,,Box Score,
2014-03-02,Philadelphia 76ers,81,Orlando Magic,92,,Box Score,
2014-03-02,Charlotte Bobcats,99,Oklahoma City Thunder,116,,Box Score,
2014-03-02,Dallas Mavericks,106,San Antonio Spurs,112,,Box Score,
2014-03-02,Atlanta Hawks,120,Phoenix Suns,129,,Box Score,
2014-03-03,Memphis Grizzlies,110,Washington Wizards,104,,Box Score,
2014-03-03,Chicago Bulls,80,Brooklyn Nets,96,,Box Score,
2014-03-03,New York Knicks,85,Detroit Pistons,96,,Box Score,
2014-03-03,Charlotte Bobcats,107,Miami Heat,124,,Box Score,
2014-03-03,Utah Jazz,88,Milwaukee Bucks,114,,Box Score,
2014-03-03,Minnesota Timberwolves,132,Denver Nuggets,128,,Box Score,
2014-03-03,Los Angeles Lakers,107,Portland Trail Blazers,106,,Box Score,
2014-03-03,New Orleans Pelicans,89,Sacramento Kings,96,,Box Score,
2014-03-04,San Antonio Spurs,122,Cleveland Cavaliers,101,,Box Score,
2014-03-04,Golden State Warriors,98,Indiana Pacers,96,,Box Score,
2014-03-04,Miami Heat,103,Houston Rockets,106,,Box Score,
2014-03-04,Philadelphia 76ers,92,Oklahoma City Thunder,125,,Box Score,
2014-03-04,Los Angeles Clippers,104,Phoenix Suns,96,,Box Score,
2014-03-04,New Orleans Pelicans,132,Los Angeles Lakers,125,,Box Score,
2014-03-05,Indiana Pacers,87,Charlotte Bobcats,109,,Box Score,
2014-03-05,Houston Rockets,101,Orlando Magic,89,,Box Score,
2014-03-05,Utah Jazz,91,Washington Wizards,104,,Box Score,
2014-03-05,Golden State Warriors,108,Boston Celtics,88,,Box Score,
2014-03-05,Memphis Grizzlies,94,Brooklyn Nets,103,,Box Score,
2014-03-05,Chicago Bulls,105,Detroit Pistons,94,,Box Score,
2014-03-05,Dallas Mavericks,110,Denver Nuggets,115,,Box Score,
2014-03-05,Sacramento Kings,116,Milwaukee Bucks,102,,Box Score,
2014-03-05,New York Knicks,118,Minnesota Timberwolves,106,,Box Score,
2014-03-05,Atlanta Hawks,78,Portland Trail Blazers,102,,Box Score,
2014-03-06,Miami Heat,87,San Antonio Spurs,111,,Box Score,
2014-03-06,Oklahoma City Thunder,122,Phoenix Suns,128,,Box Score,
2014-03-06,Los Angeles Clippers,142,Los Angeles Lakers,94,,Box Score,
2014-03-07,Cleveland Cavaliers,92,Charlotte Bobcats,101,,Box Score,
2014-03-07,Memphis Grizzlies,85,Chicago Bulls,77,,Box Score,
2014-03-07,Sacramento Kings,87,Toronto Raptors,99,,Box Score,
2014-03-07,Brooklyn Nets,84,Boston Celtics,91,,Box Score,
2014-03-07,Utah Jazz,81,New York Knicks,108,,Box Score,
2014-03-07,Detroit Pistons,101,Minnesota Timberwolves,114,,Box Score,
2014-03-07,Milwaukee Bucks,104,New Orleans Pelicans,112,,Box Score,
2014-03-07,Portland Trail Blazers,98,Dallas Mavericks,103,,Box Score,
2014-03-07,Los Angeles Lakers,126,Denver Nuggets,134,,Box Score,
2014-03-07,Indiana Pacers,86,Houston Rockets,112,,Box Score,
2014-03-07,Atlanta Hawks,97,Golden State Warriors,111,,Box Score,
2014-03-08,New York Knicks,107,Cleveland Cavaliers,97,,Box Score,
2014-03-08,Utah Jazz,104,Philadelphia 76ers,92,,Box Score,
2014-03-08,Charlotte Bobcats,89,Memphis Grizzlies,111,,Box Score,
2014-03-08,Orlando Magic,112,San Antonio Spurs,121,,Box Score,
2014-03-08,Washington Wizards,114,Milwaukee Bucks,107,,Box Score,
2014-03-08,Atlanta Hawks,108,Los Angeles Clippers,109,,Box Score,
2014-03-09,Miami Heat,88,Chicago Bulls,95,OT,Box Score,
2014-03-09,Oklahoma City Thunder,110,Los Angeles Lakers,114,,Box Score,
2014-03-09,Detroit Pistons,111,Boston Celtics,118,,Box Score,
2014-03-09,Sacramento Kings,89,Brooklyn Nets,104,,Box Score,
2014-03-09,Denver Nuggets,107,New Orleans Pelicans,111,OT,Box Score,
2014-03-09,Portland Trail Blazers,113,Houston Rockets,118,OT,Box Score,
2014-03-09,Toronto Raptors,111,Minnesota Timberwolves,104,,Box Score,
2014-03-09,Indiana Pacers,94,Dallas Mavericks,105,,Box Score,
2014-03-09,Phoenix Suns,107,Golden State Warriors,113,,Box Score,
2014-03-10,Denver Nuggets,98,Charlotte Bobcats,105,,Box Score,
2014-03-10,Toronto Raptors,97,Brooklyn Nets,101,,Box Score,
2014-03-10,Washington Wizards,90,Miami Heat,99,,Box Score,
2014-03-10,Philadelphia 76ers,110,New York Knicks,123,,Box Score,
2014-03-10,Orlando Magic,98,Milwaukee Bucks,105,,Box Score,
2014-03-10,Atlanta Hawks,112,Utah Jazz,110,,Box Score,
2014-03-10,Phoenix Suns,105,Los Angeles Clippers,112,,Box Score,
2014-03-11,Boston Celtics,83,Indiana Pacers,94,,Box Score,
2014-03-11,Sacramento Kings,89,Detroit Pistons,99,,Box Score,
2014-03-11,San Antonio Spurs,104,Chicago Bulls,96,,Box Score,
2014-03-11,Portland Trail Blazers,99,Memphis Grizzlies,109,,Box Score,
2014-03-11,Milwaukee Bucks,101,Minnesota Timberwolves,112,,Box Score,
2014-03-11,Houston Rockets,98,Oklahoma City Thunder,106,,Box Score,
2014-03-11,Dallas Mavericks,85,Golden State Warriors,108,,Box Score,
2014-03-12,Brooklyn Nets,96,Miami Heat,95,,Box Score,
2014-03-12,Denver Nuggets,120,Orlando Magic,112,,Box Score,
2014-03-12,Sacramento Kings,115,Philadelphia 76ers,98,,Box Score,
2014-03-12,Detroit Pistons,87,Toronto Raptors,101,,Box Score,
2014-03-12,Charlotte Bobcats,98,Washington Wizards,85,,Box Score,
2014-03-12,New York Knicks,116,Boston Celtics,92,,Box Score,
2014-03-12,Memphis Grizzlies,90,New Orleans Pelicans,88,,Box Score,
2014-03-12,Dallas Mavericks,108,Utah Jazz,101,,Box Score,
2014-03-12,Portland Trail Blazers,90,San Antonio Spurs,103,,Box Score,
2014-03-12,Cleveland Cavaliers,110,Phoenix Suns,101,,Box Score,
2014-03-12,Golden State Warriors,98,Los Angeles Clippers,111,,Box Score,
2014-03-13,Houston Rockets,87,Chicago Bulls,111,,Box Score,
2014-03-13,Milwaukee Bucks,97,Atlanta Hawks,102,,Box Score,
2014-03-13,Los Angeles Lakers,102,Oklahoma City Thunder,131,,Box Score,
2014-03-14,Minnesota Timberwolves,93,Charlotte Bobcats,105,,Box Score,
2014-03-14,Washington Wizards,105,Orlando Magic,101,OT,Box Score,
2014-03-14,Indiana Pacers,101,Philadelphia 76ers,94,,Box Score,
2014-03-14,Memphis Grizzlies,86,Toronto Raptors,99,,Box Score,
2014-03-14,Phoenix Suns,87,Boston Celtics,80,,Box Score,
2014-03-14,Denver Nuggets,111,Miami Heat,107,,Box Score,
2014-03-14,Portland Trail Blazers,111,New Orleans Pelicans,103,,Box Score,
2014-03-14,Los Angeles Lakers,85,San Antonio Spurs,119,,Box Score,
2014-03-14,Los Angeles Clippers,96,Utah Jazz,87,,Box Score,
2014-03-14,Cleveland Cavaliers,103,Golden State Warriors,94,,Box Score,
2014-03-15,Milwaukee Bucks,94,New York Knicks,115,,Box Score,
2014-03-15,Brooklyn Nets,94,Washington Wizards,101,,Box Score,
2014-03-15,Denver Nuggets,92,Atlanta Hawks,97,,Box Score,
2014-03-15,Indiana Pacers,112,Detroit Pistons,104,OT,Box Score,
2014-03-15,Memphis Grizzlies,103,Philadelphia 76ers,77,,Box Score,
2014-03-15,Sacramento Kings,87,Chicago Bulls,94,,Box Score,
2014-03-16,Charlotte Bobcats,101,Milwaukee Bucks,92,,Box Score,
2014-03-16,Phoenix Suns,121,Toronto Raptors,113,,Box Score,
2014-03-16,Houston Rockets,104,Miami Heat,113,,Box Score,
2014-03-16,Boston Celtics,120,New Orleans Pelicans,121,OT,Box Score,
2014-03-16,Sacramento Kings,102,Minnesota Timberwolves,104,,Box Score,
2014-03-16,Dallas Mavericks,109,Oklahoma City Thunder,86,,Box Score,
2014-03-16,Utah Jazz,104,San Antonio Spurs,122,,Box Score,
2014-03-16,Golden State Warriors,113,Portland Trail Blazers,112,,Box Score,
2014-03-16,Cleveland Cavaliers,80,Los Angeles Clippers,102,,Box Score,
2014-03-17,Atlanta Hawks,97,Charlotte Bobcats,83,,Box Score,
2014-03-17,Philadelphia 76ers,90,Indiana Pacers,99,,Box Score,
2014-03-17,Phoenix Suns,95,Brooklyn Nets,108,,Box Score,
2014-03-17,Oklahoma City Thunder,97,Chicago Bulls,85,,Box Score,
2014-03-17,Utah Jazz,86,Houston Rockets,124,,Box Score,
2014-03-17,Boston Celtics,89,Dallas Mavericks,94,,Box Score,
2014-03-17,Los Angeles Clippers,100,Denver Nuggets,110,,Box Score,
2014-03-18,Miami Heat,100,Cleveland Cavaliers,96,,Box Score,
2014-03-18,Toronto Raptors,113,Atlanta Hawks,118,OT,Box Score,
2014-03-18,Milwaukee Bucks,115,Portland Trail Blazers,120,OT,Box Score,
2014-03-18,Washington Wizards,111,Sacramento Kings,117,OT,Box Score,
2014-03-18,Orlando Magic,89,Golden State Warriors,103,,Box Score,
2014-03-19,Chicago Bulls,102,Philadelphia 76ers,94,,Box Score,
2014-03-19,Miami Heat,96,Boston Celtics,101,,Box Score,
2014-03-19,Charlotte Bobcats,99,Brooklyn Nets,104,,Box Score,
2014-03-19,Utah Jazz,86,Memphis Grizzlies,96,,Box Score,
2014-03-19,Toronto Raptors,107,New Orleans Pelicans,100,,Box Score,
2014-03-19,Indiana Pacers,86,New York Knicks,92,,Box Score,
2014-03-19,Minnesota Timberwolves,123,Dallas Mavericks,122,OT,Box Score,
2014-03-19,Detroit Pistons,109,Denver Nuggets,118,,Box Score,
2014-03-19,Orlando Magic,93,Phoenix Suns,109,,Box Score,
2014-03-19,San Antonio Spurs,125,Los Angeles Lakers,109,,Box Score,
2014-03-20,Oklahoma City Thunder,102,Cleveland Cavaliers,95,,Box Score,
2014-03-20,Minnesota Timberwolves,106,Houston Rockets,129,,Box Score,
2014-03-20,Washington Wizards,103,Portland Trail Blazers,116,,Box Score,
2014-03-20,Milwaukee Bucks,110,Golden State Warriors,115,,Box Score,
2014-03-21,Chicago Bulls,79,Indiana Pacers,91,,Box Score,
2014-03-21,New York Knicks,93,Philadelphia 76ers,92,,Box Score,
2014-03-21,Oklahoma City Thunder,119,Toronto Raptors,118,2OT,Box Score,
2014-03-21,New Orleans Pelicans,111,Atlanta Hawks,105,,Box Score,
2014-03-21,Boston Celtics,98,Brooklyn Nets,114,,Box Score,
2014-03-21,Memphis Grizzlies,86,Miami Heat,91,,Box Score,
2014-03-21,Denver Nuggets,106,Dallas Mavericks,122,,Box Score,
2014-03-21,Detroit Pistons,92,Phoenix Suns,98,,Box Score,
2014-03-21,San Antonio Spurs,99,Sacramento Kings,79,,Box Score,
2014-03-21,Washington Wizards,117,Los Angeles Lakers,107,,Box Score,
2014-03-22,Portland Trail Blazers,94,Charlotte Bobcats,124,,Box Score,
2014-03-22,Houston Rockets,118,Cleveland Cavaliers,111,,Box Score,
2014-03-22,Philadelphia 76ers,81,Chicago Bulls,91,,Box Score,
2014-03-22,Indiana Pacers,71,Memphis Grizzlies,82,,Box Score,
2014-03-22,Miami Heat,95,New Orleans Pelicans,105,,Box Score,
2014-03-22,Orlando Magic,88,Utah Jazz,89,,Box Score,
2014-03-22,San Antonio Spurs,99,Golden State Warriors,90,,Box Score,
2014-03-22,Detroit Pistons,103,Los Angeles Clippers,112,,Box Score,
2014-03-23,Atlanta Hawks,86,Toronto Raptors,96,,Box Score,
2014-03-23,Phoenix Suns,127,Minnesota Timberwolves,120,,Box Score,
2014-03-23,Washington Wizards,102,Denver Nuggets,105,,Box Score,
2014-03-23,Milwaukee Bucks,107,Sacramento Kings,124,,Box Score,
2014-03-23,Brooklyn Nets,107,Dallas Mavericks,104,OT,Box Score,
2014-03-23,Cleveland Cavaliers,106,New York Knicks,100,,Box Score,
2014-03-23,Orlando Magic,94,Los Angeles Lakers,103,,Box Score,
2014-03-24,Houston Rockets,100,Charlotte Bobcats,89,,Box Score,
2014-03-24,Phoenix Suns,102,Atlanta Hawks,95,,Box Score,
2014-03-24,Portland Trail Blazers,91,Miami Heat,93,,Box Score,
2014-03-24,Indiana Pacers,77,Chicago Bulls,89,,Box Score,
2014-03-24,Minnesota Timberwolves,92,Memphis Grizzlies,109,,Box Score,
2014-03-24,Brooklyn Nets,104,New Orleans Pelicans,109,OT,Box Score,
2014-03-24,Denver Nuggets,96,Oklahoma City Thunder,117,,Box Score,
2014-03-24,Philadelphia 76ers,91,San Antonio Spurs,113,,Box Score,
2014-03-24,Detroit Pistons,114,Utah Jazz,94,,Box Score,
2014-03-24,Milwaukee Bucks,98,Los Angeles Clippers,106,,Box Score,
2014-03-25,Toronto Raptors,100,Cleveland Cavaliers,102,,Box Score,
2014-03-25,Portland Trail Blazers,85,Orlando Magic,95,,Box Score,
2014-03-25,Oklahoma City Thunder,119,Dallas Mavericks,128,OT,Box Score,
2014-03-25,New York Knicks,96,Los Angeles Lakers,127,,Box Score,
2014-03-26,Brooklyn Nets,111,Charlotte Bobcats,116,OT,Box Score,
2014-03-26,Phoenix Suns,99,Washington Wizards,93,,Box Score,
2014-03-26,Toronto Raptors,99,Boston Celtics,90,,Box Score,
2014-03-26,Cleveland Cavaliers,97,Detroit Pistons,96,,Box Score,
2014-03-26,Miami Heat,83,Indiana Pacers,84,,Box Score,
2014-03-26,Atlanta Hawks,83,Minnesota Timberwolves,107,,Box Score,
2014-03-26,Los Angeles Clippers,96,New Orleans Pelicans,98,,Box Score,
2014-03-26,Denver Nuggets,103,San Antonio Spurs,108,,Box Score,
2014-03-26,New York Knicks,107,Sacramento Kings,99,,Box Score,
2014-03-26,Memphis Grizzlies,91,Utah Jazz,87,,Box Score,
2014-03-27,Portland Trail Blazers,100,Atlanta Hawks,85,,Box Score,
2014-03-27,Philadelphia 76ers,98,Houston Rockets,120,,Box Score,
2014-03-27,Los Angeles Lakers,105,Milwaukee Bucks,108,,Box Score,
2014-03-27,Los Angeles Clippers,109,Dallas Mavericks,103,,Box Score,
2014-03-28,Charlotte Bobcats,105,Orlando Magic,110,OT,Box Score,
2014-03-28,Boston Celtics,103,Toronto Raptors,105,,Box Score,
2014-03-28,Indiana Pacers,78,Washington Wizards,91,,Box Score,
2014-03-28,Cleveland Cavaliers,97,Brooklyn Nets,108,,Box Score,
2014-03-28,Miami Heat,110,Detroit Pistons,78,,Box Score,
2014-03-28,Portland Trail Blazers,91,Chicago Bulls,74,,Box Score,
2014-03-28,Los Angeles Lakers,107,Minnesota Timberwolves,143,,Box Score,
2014-03-28,Utah Jazz,95,New Orleans Pelicans,102,,Box Score,
2014-03-28,Sacramento Kings,81,Oklahoma City Thunder,94,,Box Score,
2014-03-28,San Antonio Spurs,133,Denver Nuggets,102,,Box Score,
2014-03-28,New York Knicks,88,Phoenix Suns,112,,Box Score,
2014-03-28,Memphis Grizzlies,93,Golden State Warriors,100,,Box Score,
2014-03-29,Detroit Pistons,98,Philadelphia 76ers,123,,Box Score,
2014-03-29,Los Angeles Clippers,118,Houston Rockets,107,,Box Score,
2014-03-29,Atlanta Hawks,97,Washington Wizards,101,,Box Score,
2014-03-29,Sacramento Kings,100,Dallas Mavericks,103,,Box Score,
2014-03-29,Miami Heat,88,Milwaukee Bucks,67,,Box Score,
2014-03-29,New Orleans Pelicans,80,San Antonio Spurs,96,,Box Score,
2014-03-30,Indiana Pacers,76,Cleveland Cavaliers,90,,Box Score,
2014-03-30,Utah Jazz,96,Oklahoma City Thunder,116,,Box Score,
2014-03-30,Minnesota Timberwolves,99,Brooklyn Nets,114,,Box Score,
2014-03-30,Toronto Raptors,98,Orlando Magic,93,,Box Score,
2014-03-30,Chicago Bulls,107,Boston Celtics,102,,Box Score,
2014-03-30,New York Knicks,89,Golden State Warriors,84,,Box Score,
2014-03-30,Memphis Grizzlies,98,Portland Trail Blazers,105,,Box Score,
2014-03-30,Phoenix Suns,99,Los Angeles Lakers,115,,Box Score,
2014-03-31,Washington Wizards,94,Charlotte Bobcats,100,,Box Score,
2014-03-31,San Antonio Spurs,103,Indiana Pacers,77,,Box Score,
2014-03-31,Philadelphia 76ers,95,Atlanta Hawks,103,,Box Score,
2014-03-31,Milwaukee Bucks,111,Detroit Pistons,116,,Box Score,
2014-03-31,Toronto Raptors,83,Miami Heat,93,,Box Score,
2014-03-31,Boston Celtics,80,Chicago Bulls,94,,Box Score,
2014-03-31,Los Angeles Clippers,114,Minnesota Timberwolves,104,,Box Score,
2014-03-31,Sacramento Kings,102,New Orleans Pelicans,97,,Box Score,
2014-03-31,Memphis Grizzlies,94,Denver Nuggets,92,,Box Score,
2014-03-31,New York Knicks,92,Utah Jazz,83,,Box Score,
2014-04-01,Houston Rockets,96,Brooklyn Nets,105,,Box Score,
2014-04-01,Golden State Warriors,122,Dallas Mavericks,120,OT,Box Score,
2014-04-01,Portland Trail Blazers,124,Los Angeles Lakers,112,,Box Score,
2014-04-02,Detroit Pistons,94,Indiana Pacers,101,,Box Score,
2014-04-02,Brooklyn Nets,81,New York Knicks,110,,Box Score,
2014-04-02,Cleveland Cavaliers,119,Orlando Magic,98,,Box Score,
2014-04-02,Charlotte Bobcats,123,Philadelphia 76ers,93,,Box Score,
2014-04-02,Houston Rockets,103,Toronto Raptors,107,,Box Score,
2014-04-02,Boston Celtics,92,Washington Wizards,118,,Box Score,
2014-04-02,Chicago Bulls,105,Atlanta Hawks,92,,Box Score,
2014-04-02,Milwaukee Bucks,77,Miami Heat,96,,Box Score,
2014-04-02,Memphis Grizzlies,88,Minnesota Timberwolves,102,,Box Score,
2014-04-02,Golden State Warriors,90,San Antonio Spurs,111,,Box Score,
2014-04-02,New Orleans Pelicans,107,Denver Nuggets,137,,Box Score,
2014-04-02,Los Angeles Clippers,112,Phoenix Suns,108,,Box Score,
2014-04-02,Los Angeles Lakers,102,Sacramento Kings,107,,Box Score,
2014-04-03,San Antonio Spurs,94,Oklahoma City Thunder,106,,Box Score,
2014-04-03,Dallas Mavericks,113,Los Angeles Clippers,107,,Box Score,
2014-04-04,Orlando Magic,80,Charlotte Bobcats,91,,Box Score,
2014-04-04,Denver Nuggets,92,Memphis Grizzlies,100,,Box Score,
2014-04-04,Indiana Pacers,94,Toronto Raptors,102,,Box Score,
2014-04-04,Cleveland Cavaliers,98,Atlanta Hawks,117,,Box Score,
2014-04-04,Philadelphia 76ers,111,Boston Celtics,102,,Box Score,
2014-04-04,Detroit Pistons,104,Brooklyn Nets,116,,Box Score,
2014-04-04,Minnesota Timberwolves,122,Miami Heat,121,2OT,Box Score,
2014-04-04,Washington Wizards,90,New York Knicks,89,,Box Score,
2014-04-04,Milwaukee Bucks,90,Chicago Bulls,102,,Box Score,
2014-04-04,New Orleans Pelicans,96,Utah Jazz,100,,Box Score,
2014-04-04,Oklahoma City Thunder,107,Houston Rockets,111,,Box Score,
2014-04-04,Phoenix Suns,109,Portland Trail Blazers,93,,Box Score,
2014-04-04,Sacramento Kings,69,Golden State Warriors,102,,Box Score,
2014-04-04,Dallas Mavericks,107,Los Angeles Lakers,95,,Box Score,
2014-04-05,Minnesota Timberwolves,92,Orlando Magic,100,,Box Score,
2014-04-05,Chicago Bulls,96,Washington Wizards,78,,Box Score,
2014-04-05,Charlotte Bobcats,96,Cleveland Cavaliers,94,OT,Box Score,
2014-04-05,Boston Celtics,111,Detroit Pistons,115,,Box Score,
2014-04-05,Brooklyn Nets,105,Philadelphia 76ers,101,,Box Score,
2014-04-05,Toronto Raptors,102,Milwaukee Bucks,98,,Box Score,
2014-04-06,New York Knicks,91,Miami Heat,102,,Box Score,
2014-04-06,Los Angeles Lakers,97,Los Angeles Clippers,120,,Box Score,
2014-04-06,Atlanta Hawks,107,Indiana Pacers,88,,Box Score,
2014-04-06,Dallas Mavericks,93,Sacramento Kings,91,,Box Score,
2014-04-06,Denver Nuggets,125,Houston Rockets,130,OT,Box Score,
2014-04-06,Memphis Grizzlies,92,San Antonio Spurs,112,,Box Score,
2014-04-06,Utah Jazz,102,Golden State Warriors,130,,Box Score,
2014-04-06,Oklahoma City Thunder,115,Phoenix Suns,122,,Box Score,
2014-04-06,New Orleans Pelicans,94,Portland Trail Blazers,100,,Box Score,
2014-04-08,Detroit Pistons,102,Atlanta Hawks,95,,Box Score,
2014-04-08,Brooklyn Nets,88,Miami Heat,87,,Box Score,
2014-04-08,San Antonio Spurs,91,Minnesota Timberwolves,110,,Box Score,
2014-04-08,Dallas Mavericks,95,Utah Jazz,83,,Box Score,
2014-04-08,Oklahoma City Thunder,107,Sacramento Kings,92,,Box Score,
2014-04-08,Houston Rockets,145,Los Angeles Lakers,130,,Box Score,
2014-04-09,Detroit Pistons,100,Cleveland Cavaliers,122,,Box Score,
2014-04-09,Brooklyn Nets,111,Orlando Magic,115,,Box Score,
2014-04-09,Philadelphia 76ers,114,Toronto Raptors,125,,Box Score,
2014-04-09,Charlotte Bobcats,94,Washington Wizards,88,OT,Box Score,
2014-04-09,Boston Celtics,97,Atlanta Hawks,105,,Box Score,
2014-04-09,Miami Heat,102,Memphis Grizzlies,107,,Box Score,
2014-04-09,Indiana Pacers,104,Milwaukee Bucks,102,,Box Score,
2014-04-09,Chicago Bulls,102,Minnesota Timberwolves,87,,Box Score,
2014-04-09,Phoenix Suns,94,New Orleans Pelicans,88,,Box Score,
2014-04-09,Houston Rockets,116,Denver Nuggets,123,,Box Score,
2014-04-09,Sacramento Kings,99,Portland Trail Blazers,100,,Box Score,
2014-04-09,Oklahoma City Thunder,107,Los Angeles Clippers,101,,Box Score,
2014-04-10,San Antonio Spurs,109,Dallas Mavericks,100,,Box Score,
2014-04-10,Denver Nuggets,100,Golden State Warriors,99,,Box Score,
2014-04-11,Washington Wizards,96,Orlando Magic,86,,Box Score,
2014-04-11,New York Knicks,108,Toronto Raptors,100,,Box Score,
2014-04-11,Charlotte Bobcats,103,Boston Celtics,106,,Box Score,
2014-04-11,Atlanta Hawks,93,Brooklyn Nets,88,,Box Score,
2014-04-11,Indiana Pacers,86,Miami Heat,98,,Box Score,
2014-04-11,Detroit Pistons,98,Chicago Bulls,106,,Box Score,
2014-04-11,Philadelphia 76ers,95,Memphis Grizzlies,117,,Box Score,
2014-04-11,Houston Rockets,110,Minnesota Timberwolves,112,,Box Score,
2014-04-11,New Orleans Pelicans,94,Oklahoma City Thunder,116,,Box Score,
2014-04-11,Cleveland Cavaliers,116,Milwaukee Bucks,119,,Box Score,
2014-04-11,Phoenix Suns,104,San Antonio Spurs,112,,Box Score,
2014-04-11,Portland Trail Blazers,111,Utah Jazz,99,,Box Score,
2014-04-11,Golden State Warriors,112,Los Angeles Lakers,95,,Box Score,
2014-04-12,Sacramento Kings,101,Los Angeles Clippers,117,,Box Score,
2014-04-12,Philadelphia 76ers,105,Charlotte Bobcats,111,,Box Score,
2014-04-12,Milwaukee Bucks,91,Washington Wizards,104,,Box Score,
2014-04-12,Miami Heat,85,Atlanta Hawks,98,,Box Score,
2014-04-12,Boston Celtics,111,Cleveland Cavaliers,99,,Box Score,
2014-04-12,New Orleans Pelicans,104,Houston Rockets,111,,Box Score,
2014-04-12,Phoenix Suns,98,Dallas Mavericks,101,,Box Score,
2014-04-12,Utah Jazz,94,Denver Nuggets,101,,Box Score,
2014-04-13,Oklahoma City Thunder,97,Indiana Pacers,102,,Box Score,
2014-04-13,Toronto Raptors,116,Detroit Pistons,107,,Box Score,
2014-04-13,Orlando Magic,88,Brooklyn Nets,97,,Box Score,
2014-04-13,Chicago Bulls,89,New York Knicks,100,,Box Score,
2014-04-13,Golden State Warriors,117,Portland Trail Blazers,119,OT,Box Score,
2014-04-13,Minnesota Timberwolves,103,Sacramento Kings,106,,Box Score,
2014-04-13,Memphis Grizzlies,102,Los Angeles Lakers,90,,Box Score,
2014-04-14,Boston Celtics,108,Philadelphia 76ers,113,,Box Score,
2014-04-14,Milwaukee Bucks,100,Toronto Raptors,110,,Box Score,
2014-04-14,Miami Heat,93,Washington Wizards,114,,Box Score,
2014-04-14,Charlotte Bobcats,95,Atlanta Hawks,93,,Box Score,
2014-04-14,Orlando Magic,95,Chicago Bulls,108,,Box Score,
2014-04-14,San Antonio Spurs,98,Houston Rockets,104,,Box Score,
2014-04-14,Oklahoma City Thunder,89,New Orleans Pelicans,101,,Box Score,
2014-04-14,Los Angeles Lakers,119,Utah Jazz,104,,Box Score,
2014-04-14,Memphis Grizzlies,97,Phoenix Suns,91,,Box Score,
2014-04-14,Minnesota Timberwolves,120,Golden State Warriors,130,,Box Score,
2014-04-15,New York Knicks,109,Brooklyn Nets,98,,Box Score,
2014-04-15,Denver Nuggets,105,Los Angeles Clippers,117,,Box Score,
2014-04-16,Chicago Bulls,86,Charlotte Bobcats,91,OT,Box Score,
2014-04-16,Indiana Pacers,101,Orlando Magic,86,,Box Score,
2014-04-16,Washington Wizards,118,Boston Celtics,102,,Box Score,
2014-04-16,Brooklyn Nets,85,Cleveland Cavaliers,114,,Box Score,
2014-04-16,Dallas Mavericks,105,Memphis Grizzlies,106,OT,Box Score,
2014-04-16,Philadelphia 76ers,100,Miami Heat,87,,Box Score,
2014-04-16,Atlanta Hawks,111,Milwaukee Bucks,103,,Box Score,
2014-04-16,Utah Jazz,136,Minnesota Timberwolves,130,2OT,Box Score,
2014-04-16,Houston Rockets,100,New Orleans Pelicans,105,,Box Score,
2014-04-16,Toronto Raptors,92,New York Knicks,95,,Box Score,
2014-04-16,Detroit Pistons,111,Oklahoma City Thunder,112,,Box Score,
2014-04-16,Los Angeles Lakers,113,San Antonio Spurs,100,,Box Score,
2014-04-16,Golden State Warriors,116,Denver Nuggets,112,,Box Score,
2014-04-16,Los Angeles Clippers,104,Portland Trail Blazers,110,,Box Score,
2014-04-16,Phoenix Suns,104,Sacramento Kings,99,,Box Score,
